case_id,entry,duration,event,censor_reason,last_state,n_events
case_0001,2025-01-11 17:39:58,1.9733387019079558,0,lost,B,2
case_0002,2025-02-09 04:00:36,11.220664953804995,1,,D,4
case_0003,2025-01-14 13:55:11,9.150577088478883,1,,D,6
case_0004,2025-02-03 19:15:48,23.44617834078124,1,,D,8
case_0005,2025-02-01 03:54:48,25.846312427564886,1,,D,3
case_0006,2025-02-13 19:17:35,10.016407550460306,1,,D,3
case_0007,2025-02-07 06:08:49,11.908880267549808,1,,D,6
case_0008,2025-02-09 13:50:04,6.9193993090221655,1,,D,4
case_0009,2025-02-06 09:48:46,11.776497468605658,1,,D,3
case_0010,2025-01-08 16:48:57,1.0451542093686417,1,,D,4
case_0011,2025-01-19 19:40:48,5.8207941189548835,1,,D,4
case_0012,2025-02-09 00:14:21,11.51005664380477,1,,D,3
case_0013,2025-01-07 02:25:39,24.132142326495465,1,,D,11
case_0014,2025-01-11 01:39:58,12.360305579150559,1,,D,3
case_0015,2025-02-07 16:45:51,15.013822685838278,1,,D,5
case_0016,2025-01-22 08:57:33,6.61826394706574,1,,D,3
case_0017,2025-01-05 16:51:25,14.22796345794121,0,lost,B,4
case_0018,2025-01-26 15:41:35,8.511758471639112,1,,D,4
case_0019,2025-02-21 21:15:57,38.11392124061713,0,study_end,C,3
case_0020,2025-01-09 06:57:48,13.303286534037284,1,,D,5
case_0021,2025-02-28 13:35:06,5.924873957805051,1,,D,4
case_0022,2025-02-02 13:07:19,9.768163817518467,1,,D,4
case_0023,2025-01-07 23:11:27,17.275895088576235,1,,D,3
case_0024,2025-02-16 11:14:06,4.07070266318989,0,lost,B,4
case_0025,2025-02-02 00:02:00,9.513772654728886,1,,D,4
case_0026,2025-02-21 10:30:48,19.976647894535674,1,,D,5
case_0027,2025-01-29 10:36:44,7.150004287765488,1,,D,3
case_0028,2025-02-12 16:34:31,27.4805012427988,1,,D,3
case_0029,2025-02-24 12:01:44,7.551286569400131,1,,D,4
case_0030,2025-01-05 14:58:43,2.5379458258601524,1,,D,4
case_0031,2025-02-16 22:49:20,26.104163606146372,1,,D,10
case_0032,2025-01-23 19:06:23,8.371978221942078,1,,D,3
case_0033,2025-01-14 01:55:43,25.752541324761882,1,,D,7
case_0034,2025-01-01 08:51:51,26.24448498413102,1,,D,4
case_0035,2025-01-05 11:24:21,37.5209245428853,1,,D,17
case_0036,2025-02-20 06:51:26,5.9707767768433015,1,,D,3
case_0037,2025-02-17 14:19:43,11.129892039065975,0,lost,A,3
case_0038,2025-01-18 09:35:47,3.112752730069867,1,,D,3
case_0039,2025-03-01 22:13:59,26.938607908180998,1,,D,4
case_0040,2025-02-05 04:48:11,6.403510861703277,1,,D,3
case_0041,2025-02-13 19:36:59,5.816698169809586,1,,D,3
case_0042,2025-02-05 17:03:36,9.282600922590735,1,,D,5
case_0043,2025-02-20 14:40:55,33.72525159178833,1,,D,6
case_0044,2025-02-05 05:52:39,11.289816500804719,1,,D,6
case_0045,2025-01-27 23:05:34,7.66563358510934,1,,D,5
case_0046,2025-02-18 16:34:58,34.75628416210597,1,,D,4
case_0047,2025-02-06 12:45:23,12.348548785323858,1,,D,5
case_0048,2025-02-27 20:26:06,13.867571146623291,1,,D,3
case_0049,2025-02-25 08:33:50,6.086780432585382,0,lost,C,2
case_0050,2025-01-04 18:53:51,11.895604842075633,1,,D,4
case_0051,2025-02-24 11:40:40,5.2682208880638735,1,,D,4
case_0052,2025-02-25 17:14:58,5.4158623411265445,0,lost,C,2
case_0053,2025-01-22 22:26:10,11.853046591501656,1,,D,4
case_0054,2025-02-25 06:38:01,8.623476366893955,1,,D,4
case_0055,2025-02-26 23:35:31,14.09375754595999,1,,D,7
case_0056,2025-02-13 03:49:28,14.50952826497354,1,,D,7
case_0057,2025-02-21 19:14:44,7.03991390437691,1,,D,4
case_0058,2025-02-23 15:24:04,12.328248989002583,1,,D,3
case_0059,2025-02-26 07:36:36,6.1840831850181,1,,D,3
case_0060,2025-01-17 08:30:06,13.872110854621395,1,,D,3
case_0061,2025-02-12 11:20:40,14.11231823371099,1,,D,3
case_0062,2025-01-02 06:31:02,29.31660952658383,1,,D,6
case_0063,2025-02-24 03:13:08,7.851248914871268,0,lost,C,2
case_0064,2025-01-09 13:10:25,7.670191058402465,1,,D,3
case_0065,2025-01-12 01:39:41,9.099408728711024,1,,D,6
case_0066,2025-02-06 13:52:10,53.42210208648165,0,study_end,B,16
case_0067,2025-02-06 06:20:28,20.534106152473534,1,,D,3
case_0068,2025-02-09 02:58:27,6.830419283562014,1,,D,3
case_0069,2025-02-26 13:44:17,3.8004464857733824,1,,D,3
case_0070,2025-02-17 10:23:47,26.318809007998226,1,,D,5
case_0071,2025-02-10 21:14:11,6.742207394813936,1,,D,4
case_0072,2025-01-30 15:49:56,9.508279625646384,1,,D,3
case_0073,2025-01-01 23:11:23,8.207642395150794,1,,D,6
case_0074,2025-02-15 07:30:40,15.515678016977004,1,,D,3
case_0075,2025-01-10 11:45:31,5.722834133986291,0,lost,C,2
case_0076,2025-02-03 00:17:46,12.098273170664813,1,,D,4
case_0077,2025-02-17 22:19:01,7.7579768920200936,1,,D,4
case_0078,2025-02-19 00:59:06,1.4949888101648696,1,,D,3
case_0079,2025-02-04 14:19:56,10.94046739828788,0,lost,C,2
case_0080,2025-02-13 04:04:51,1.7304393919907568,0,lost,B,2
case_0081,2025-02-11 11:40:43,24.760236623137374,1,,D,9
case_0082,2025-01-22 02:08:50,18.772064154588108,1,,D,6
case_0083,2025-01-05 06:19:09,3.319789352395806,1,,D,3
case_0084,2025-01-22 08:16:22,2.8457936412939437,1,,D,4
case_0085,2025-02-06 02:05:13,7.687633997986316,1,,D,3
case_0086,2025-01-23 13:45:42,2.188914016688071,1,,D,3
case_0087,2025-02-02 06:19:52,14.280442681428786,1,,D,3
case_0088,2025-01-09 04:10:52,5.645891845511282,1,,D,3
case_0089,2025-02-13 14:50:49,5.477004804243925,1,,D,4
case_0090,2025-01-06 08:18:12,9.47193410690053,0,lost,C,3
case_0091,2025-02-05 02:31:23,3.561714780385252,0,lost,B,2
case_0092,2025-02-14 15:48:52,11.391103875544706,1,,D,4
case_0093,2025-01-05 17:34:56,33.95944985267518,1,,D,6
case_0094,2025-01-24 09:26:29,1.7722221772264182,0,lost,B,2
case_0095,2025-01-25 05:28:58,21.045919730130667,1,,D,3
case_0096,2025-01-10 02:56:57,9.604210471131179,1,,D,7
case_0097,2025-01-19 18:17:25,24.212852258575648,1,,D,7
case_0098,2025-01-06 19:47:31,7.639244664613961,0,lost,B,2
case_0099,2025-01-12 10:23:47,18.91356385633118,1,,D,3
case_0100,2025-02-24 20:51:06,13.071532508660123,1,,D,7
case_0101,2025-01-07 17:06:50,5.348985857359397,1,,D,3
case_0102,2025-01-05 09:52:25,6.242072575486476,1,,D,3
case_0103,2025-01-03 16:35:20,14.901924376602075,1,,D,3
case_0104,2025-01-16 12:29:53,18.895617463545435,1,,D,5
case_0105,2025-02-26 19:11:15,9.581936159259126,0,lost,C,2
case_0106,2025-02-25 19:31:35,34.186404799030484,0,study_end,C,3
case_0107,2025-02-24 14:55:32,15.036749026442559,1,,D,5
case_0108,2025-02-05 21:32:15,15.293525284013414,1,,D,4
case_0109,2025-01-28 05:25:57,11.760737344218708,0,lost,C,5
case_0110,2025-02-21 14:25:48,15.837118595052463,1,,D,5
case_0111,2025-02-08 14:18:58,1.4084092460809714,0,lost,A,1
case_0112,2025-01-25 18:55:57,11.934428530986267,1,,D,3
case_0113,2025-02-10 20:50:31,2.4731798341912055,0,lost,A,1
case_0114,2025-02-09 03:17:23,6.613514967550102,1,,D,3
case_0115,2025-02-04 09:58:51,6.800552071169446,0,lost,A,1
case_0116,2025-01-05 23:02:41,2.1354492585677827,1,,D,4
case_0117,2025-02-08 15:28:40,3.5691769939327047,1,,D,3
case_0118,2025-01-29 05:27:55,7.657735804480584,1,,D,3
case_0119,2025-02-23 17:23:33,16.47003099240522,1,,D,8
case_0120,2025-01-26 21:41:44,5.0364408436141845,1,,D,4
case_0121,2025-01-24 12:11:03,0.9632546920797357,0,lost,A,1
case_0122,2025-01-08 09:07:57,14.557341618275485,1,,D,5
case_0123,2025-01-16 08:45:13,5.152237948630776,1,,D,3
case_0124,2025-02-16 13:42:22,7.245111605812383,1,,D,6
case_0125,2025-01-09 23:06:46,11.234750260484534,1,,D,3
case_0126,2025-01-13 12:12:02,14.923403431964896,1,,D,5
case_0127,2025-02-09 22:31:35,15.057344397513752,1,,D,3
case_0128,2025-02-03 19:11:28,13.31606688227781,0,lost,B,6
case_0129,2025-01-13 02:45:43,27.154195872689762,1,,D,11
case_0130,2025-02-19 14:14:37,21.430905951778072,1,,D,3
case_0131,2025-02-13 06:23:33,1.810560822804979,1,,D,3
case_0132,2025-02-27 02:26:51,8.620663987857675,1,,D,3
case_0133,2025-02-26 23:59:02,11.363981778170363,0,lost,C,4
case_0134,2025-02-03 16:14:40,19.508863301493253,1,,D,9
case_0135,2025-01-08 01:56:16,31.880844610529316,0,lost,C,2
case_0136,2025-01-01 21:54:09,5.794688634616125,0,lost,B,2
case_0137,2025-02-07 09:23:55,28.606509520461476,0,lost,B,9
case_0138,2025-01-25 20:45:22,3.1020118954964317,1,,D,4
case_0139,2025-02-01 12:43:17,8.99396769767626,0,lost,C,3
case_0140,2025-02-04 07:48:24,3.3053650106783636,1,,D,4
case_0141,2025-01-24 23:06:47,17.59650879207954,1,,D,3
case_0142,2025-02-18 10:26:34,3.9200116665447275,1,,D,4
case_0143,2025-01-29 13:21:21,10.144654312726116,0,lost,A,3
case_0144,2025-01-21 18:00:04,1.2396722533247166,0,lost,A,1
case_0145,2025-01-12 03:03:07,21.941891640996722,1,,D,8
case_0146,2025-02-21 02:11:10,8.06737411479143,1,,D,3
case_0147,2025-02-13 16:27:20,9.812660250190824,1,,D,6
case_0148,2025-02-11 11:40:00,20.89867121360433,1,,D,9
case_0149,2025-01-02 18:46:21,28.160509227551444,1,,D,9
case_0150,2025-01-06 11:25:21,1.625988583659083,0,lost,A,1
case_0151,2025-01-16 06:15:17,8.869218289551373,1,,D,3
case_0152,2025-01-17 23:07:27,22.233469365839646,0,lost,B,4
case_0153,2025-01-29 21:06:36,9.72106757338139,0,lost,C,2
case_0154,2025-02-06 22:20:39,4.808587912866804,1,,D,3
case_0155,2025-01-01 02:31:42,5.376288144404472,1,,D,3
case_0156,2025-01-20 03:12:19,11.126544509937139,1,,D,6
case_0157,2025-01-28 07:46:53,9.153139899325632,0,lost,B,2
case_0158,2025-02-15 08:49:53,5.69100046972077,1,,D,3
case_0159,2025-02-24 10:35:47,2.325301993684598,0,lost,A,1
case_0160,2025-01-14 08:09:49,8.828897740906553,1,,D,3
case_0161,2025-01-16 04:37:12,6.310006973638176,1,,D,4
case_0162,2025-02-25 17:07:55,3.9796658307581874,1,,D,3
case_0163,2025-02-26 09:28:37,31.995412114645305,1,,D,7
case_0164,2025-02-26 23:41:13,9.886770923764278,1,,D,3
case_0165,2025-02-15 16:45:05,10.748879848232532,1,,D,7
case_0166,2025-01-19 18:37:12,2.5633292063331443,0,lost,C,3
case_0167,2025-01-03 15:35:17,14.191566432551166,1,,D,4
case_0168,2025-01-17 12:26:06,2.7926163284866408,0,lost,A,1
case_0169,2025-02-01 13:20:12,7.613060060532392,1,,D,3
case_0170,2025-01-17 01:05:42,13.528705618802155,1,,D,6
case_0171,2025-01-11 14:14:38,3.7994944529230823,1,,D,4
case_0172,2025-02-16 15:27:25,4.882773345707079,1,,D,5
case_0173,2025-02-10 09:32:43,13.17145935249242,1,,D,4
case_0174,2025-01-22 22:17:56,7.264419653845393,1,,D,3
case_0175,2025-01-01 21:31:58,4.411284038453979,0,lost,A,1
case_0176,2025-02-27 16:26:00,9.771619058286834,1,,D,3
case_0177,2025-01-07 14:14:54,5.882077422424948,1,,D,4
case_0178,2025-02-04 06:05:33,14.819244267728216,1,,D,6
case_0179,2025-01-16 09:04:08,6.822428146090427,1,,D,4
case_0180,2025-01-15 20:27:01,12.003617905537325,1,,D,4
case_0181,2025-02-27 20:57:44,5.8135620899399,0,lost,B,2
case_0182,2025-02-06 17:36:55,9.291231158533114,1,,D,4
case_0183,2025-01-31 10:22:51,12.702751958066974,1,,D,3
case_0184,2025-01-11 18:23:06,9.807089056526213,1,,D,4
case_0185,2025-02-04 18:47:13,9.818057537137568,1,,D,5
case_0186,2025-02-28 11:38:50,3.8204752034434177,1,,D,3
case_0187,2025-02-06 18:31:16,19.797933455405747,1,,D,7
case_0188,2025-02-13 05:41:13,10.259364011331616,1,,D,3
case_0189,2025-02-26 12:03:07,4.343353831555689,0,lost,A,1
case_0190,2025-01-25 11:12:34,6.255543047345712,1,,D,3
case_0191,2025-02-13 02:21:06,4.958804965462278,1,,D,3
case_0192,2025-01-23 09:14:45,7.9068512080514415,1,,D,5
case_0193,2025-01-25 16:03:23,32.38789714934977,1,,D,3
case_0194,2025-01-01 10:51:10,18.73718480964058,1,,D,6
case_0195,2025-02-06 11:42:44,12.0348087754191,1,,D,4
case_0196,2025-02-09 08:03:15,26.952198005436536,1,,D,4
case_0197,2025-02-12 09:56:11,1.8184976070125667,0,lost,A,1
case_0198,2025-02-15 21:45:58,10.327459188110192,1,,D,3
case_0199,2025-02-07 23:16:40,17.93372043567195,1,,D,6
case_0200,2025-02-20 13:54:49,39.42026474384627,0,study_end,B,10
case_0201,2025-02-07 03:47:41,42.3375699250182,1,,D,11
case_0202,2025-01-31 22:11:32,3.6576987458241694,0,lost,A,1
case_0203,2025-01-17 01:26:21,14.059149344704611,1,,D,6
case_0204,2025-02-26 20:16:01,8.850238006012873,1,,D,3
case_0205,2025-01-08 11:38:33,16.655113066723125,1,,D,6
case_0206,2025-01-20 05:50:16,6.405595405765276,0,lost,C,3
case_0207,2025-02-26 15:26:00,5.391247290963479,1,,D,3
case_0208,2025-01-26 00:04:42,7.352188286407666,1,,D,6
case_0209,2025-02-06 17:18:35,14.933479649612556,1,,D,3
case_0210,2025-01-31 09:12:15,18.386605754976774,0,lost,C,7
case_0211,2025-01-18 11:08:49,8.61951685792128,1,,D,3
case_0212,2025-01-13 17:23:53,5.528487203930656,1,,D,4
case_0213,2025-02-13 07:06:24,7.204282158322533,1,,D,3
case_0214,2025-01-04 01:09:13,13.418127282953222,1,,D,6
case_0215,2025-01-27 01:21:27,3.292398084910908,1,,D,3
case_0216,2025-01-07 13:26:38,9.926561625609821,0,lost,B,2
case_0217,2025-01-26 16:51:01,13.580214843704965,1,,D,4
case_0218,2025-01-30 05:26:38,23.227007869880484,1,,D,6
case_0219,2025-02-06 00:26:25,7.36434167152377,1,,D,4
case_0220,2025-01-08 07:35:53,2.1455447543807145,1,,D,3
case_0221,2025-01-17 15:52:57,8.741567688422197,1,,D,4
case_0222,2025-01-10 07:07:32,18.606252017832936,1,,D,3
case_0223,2025-01-05 20:27:57,2.830939540981259,1,,D,3
case_0224,2025-02-07 08:30:27,7.2965596148215255,1,,D,7
case_0225,2025-01-09 04:01:36,19.454169424220172,1,,D,10
case_0226,2025-01-02 20:59:49,20.593364696839323,1,,D,5
case_0227,2025-01-02 07:54:39,10.353621335989363,1,,D,5
case_0228,2025-02-23 23:36:50,7.858266633880838,1,,D,3
case_0229,2025-01-20 19:23:47,2.008552575685172,1,,D,4
case_0230,2025-02-18 10:23:32,15.032493434053173,1,,D,3
case_0231,2025-01-11 08:27:42,12.843613514538099,1,,D,3
case_0232,2025-01-03 19:05:48,30.15616995599708,1,,D,11
case_0233,2025-01-18 12:27:02,14.283913082507187,0,lost,C,4
case_0234,2025-03-01 21:55:28,11.877399821782246,1,,D,3
case_0235,2025-02-12 08:23:24,7.272889685849401,1,,D,5
case_0236,2025-01-12 05:54:56,7.451387062008472,1,,D,3
case_0237,2025-02-26 22:49:14,5.6547188752705235,0,lost,B,2
case_0238,2025-02-11 06:02:41,30.47841681779039,1,,D,7
case_0239,2025-02-03 06:07:59,16.871106778260962,1,,D,4
case_0240,2025-02-17 06:54:53,16.931738997095906,1,,D,6
case_0241,2025-01-21 21:05:05,21.544956750368446,1,,D,5
case_0242,2025-01-06 16:33:06,18.23191355048618,1,,D,3
case_0243,2025-01-17 17:33:31,1.8142717370532375,1,,D,4
case_0244,2025-01-14 17:59:39,11.12593113948794,1,,D,5
case_0245,2025-02-06 08:15:03,17.81960860458882,1,,D,7
case_0246,2025-02-10 11:57:54,7.719228302543092,1,,D,3
case_0247,2025-02-18 00:05:31,12.300322647455406,1,,D,5
case_0248,2025-02-16 11:53:40,19.871091229722182,1,,D,3
case_0249,2025-01-27 18:26:40,22.16546421673059,1,,D,6
case_0250,2025-02-13 18:43:54,34.90158950564319,1,,D,9
case_0251,2025-01-10 06:19:38,34.331358870527666,1,,D,8
case_0252,2025-02-09 10:42:46,5.757840470546305,1,,D,3
case_0253,2025-01-23 19:05:35,1.183912946886513,0,lost,A,1
case_0254,2025-02-28 22:59:54,5.576305961670067,1,,D,3
case_0255,2025-01-16 22:12:33,27.826225030224464,1,,D,5
case_0256,2025-02-05 06:20:58,12.358609509345339,0,lost,B,2
case_0257,2025-02-12 08:44:11,6.451214572793641,1,,D,4
case_0258,2025-01-17 03:12:55,8.08899052094406,1,,D,4
case_0259,2025-01-14 06:45:13,21.96789914386106,1,,D,5
case_0260,2025-02-17 10:13:01,8.268819294477899,1,,D,3
case_0261,2025-01-14 06:01:21,3.361931658561236,1,,D,3
case_0262,2025-01-23 05:13:59,11.26344092743795,1,,D,4
case_0263,2025-01-02 10:09:44,13.26449730735254,1,,D,7
case_0264,2025-02-23 09:24:04,12.575525509596467,1,,D,9
case_0265,2025-01-02 06:55:42,2.1276924969146696,1,,D,3
case_0266,2025-02-15 19:58:45,22.831404538064465,1,,D,6
case_0267,2025-02-14 19:38:31,11.440646862501714,1,,D,5
case_0268,2025-01-21 17:18:31,4.553673767358914,1,,D,4
case_0269,2025-02-20 15:07:39,5.9010249795002325,1,,D,3
case_0270,2025-01-23 17:44:14,4.988364105520924,0,lost,A,1
case_0271,2025-01-30 17:06:24,11.297449891245735,1,,D,4
case_0272,2025-02-02 23:12:30,7.497392326500501,1,,D,4
case_0273,2025-02-07 03:46:58,25.623067635754673,1,,D,4
case_0274,2025-02-25 16:28:45,2.3001462815572085,1,,D,4
case_0275,2025-02-21 20:31:25,9.94005457095474,1,,D,4
case_0276,2025-01-02 08:12:00,7.583658771911194,1,,D,4
case_0277,2025-02-14 22:31:32,10.058514957669534,1,,D,4
case_0278,2025-02-18 11:01:26,18.759712427830145,1,,D,7
case_0279,2025-02-07 14:25:52,43.41890503713144,0,lost,C,7
case_0280,2025-01-01 21:27:56,8.959752219610468,1,,D,3
case_0281,2025-02-10 23:10:03,21.433589446919843,1,,D,10
case_0282,2025-01-08 12:17:03,11.72749888804593,0,lost,C,3
case_0283,2025-02-04 05:00:50,15.120807231755716,1,,D,4
case_0284,2025-01-11 03:59:19,17.588121872337368,1,,D,5
case_0285,2025-01-25 13:06:51,22.464006174230136,1,,D,4
case_0286,2025-02-21 07:09:53,20.70923347191721,1,,D,5
case_0287,2025-02-24 14:12:37,12.51255137543707,1,,D,3
case_0288,2025-02-09 03:16:50,3.2822144141538834,1,,D,3
case_0289,2025-01-18 14:33:04,2.737262252340331,1,,D,4
case_0290,2025-02-28 11:59:58,18.40441322668159,1,,D,5
case_0291,2025-01-03 18:26:00,5.4928694052114455,1,,D,4
case_0292,2025-01-24 18:13:50,7.5131702614599565,1,,D,4
case_0293,2025-02-01 06:33:26,11.839893730607546,1,,D,5
case_0294,2025-02-03 18:09:10,29.161239500449792,1,,D,3
case_0295,2025-01-07 12:04:08,43.06988107993905,1,,D,10
case_0296,2025-01-17 07:29:34,8.539844645504026,1,,D,4
case_0297,2025-03-01 02:52:06,0.13875859314550165,0,lost,A,1
case_0298,2025-01-08 04:53:44,32.44041568729573,1,,D,5
case_0299,2025-02-09 04:16:39,4.282756906633951,1,,D,3
case_0300,2025-01-26 07:55:42,5.703008155294061,1,,D,3
case_0301,2025-01-25 21:42:44,20.346281804095174,1,,D,3
case_0302,2025-02-05 14:51:14,13.343414576044589,1,,D,3
case_0303,2025-01-20 10:11:33,11.742616134891744,1,,D,4
case_0304,2025-02-16 16:40:23,14.664912431612635,1,,D,3
case_0305,2025-01-22 07:50:52,9.373950474065026,1,,D,4
case_0306,2025-01-15 15:44:44,10.677231295004482,1,,D,5
case_0307,2025-01-06 19:22:50,11.643448746625378,1,,D,5
case_0308,2025-03-01 11:08:31,8.37148077068532,0,lost,C,3
case_0309,2025-02-23 01:52:31,11.792225541827287,1,,D,5
case_0310,2025-02-16 10:29:59,13.294643926047604,0,lost,B,2
case_0311,2025-01-07 20:47:49,6.075772716289851,1,,D,3
case_0312,2025-01-14 00:27:48,20.96027299653882,1,,D,7
case_0313,2025-01-05 04:03:36,26.679415079167246,1,,D,7
case_0314,2025-01-27 03:19:26,17.371487905839782,0,lost,B,2
case_0315,2025-02-02 00:21:11,13.5736237606962,1,,D,3
case_0316,2025-02-02 13:11:24,1.26151233990115,0,lost,A,1
case_0317,2025-02-08 06:43:52,23.143112961471893,0,lost,B,4
case_0318,2025-02-20 07:25:35,15.309620935259847,1,,D,4
case_0319,2025-02-05 20:18:47,27.748245141633063,0,lost,C,7
case_0320,2025-02-07 15:38:31,25.347957184814017,1,,D,11
case_0321,2025-02-21 14:46:23,7.369039849283146,0,lost,C,2
case_0322,2025-01-16 13:07:59,25.557336693371344,1,,D,4
case_0323,2025-01-20 02:22:40,2.1793880370632825,1,,D,4
case_0324,2025-01-15 22:06:27,4.7314436416324765,0,lost,B,3
case_0325,2025-02-05 10:14:54,8.843710661092903,1,,D,4
case_0326,2025-02-06 22:07:38,19.440782702564533,0,lost,B,2
case_0327,2025-01-07 09:07:28,27.842414450546336,0,lost,C,3
case_0328,2025-02-28 18:06:57,10.44474103518537,1,,D,6
case_0329,2025-01-20 08:41:00,9.858905671806134,1,,D,3
case_0330,2025-01-07 22:36:58,8.125349098684104,1,,D,4
case_0331,2025-02-05 11:42:44,7.401200977218451,1,,D,3
case_0332,2025-02-25 10:03:33,20.757620585986572,0,lost,C,6
case_0333,2025-01-13 05:52:18,8.29097481830438,1,,D,5
case_0334,2025-02-09 09:15:36,11.913180670268389,1,,D,5
case_0335,2025-01-05 10:07:45,18.411809648174803,1,,D,6
case_0336,2025-02-01 19:57:19,18.137831555177524,1,,D,3
case_0337,2025-01-29 10:59:03,17.2278540505577,1,,D,8
case_0338,2025-02-17 05:01:18,21.472300305867655,1,,D,3
case_0339,2025-01-24 10:07:08,46.5206596897641,1,,D,13
case_0340,2025-02-05 03:10:13,14.900661446071172,1,,D,5
case_0341,2025-01-02 13:47:13,4.498905288642175,1,,D,4
case_0342,2025-02-11 19:24:01,20.57601253434603,1,,D,3
case_0343,2025-03-01 04:22:55,6.955534326869262,0,lost,A,1
case_0344,2025-02-03 12:38:11,7.1138019861133035,1,,D,3
case_0345,2025-02-17 18:25:19,12.275860248141907,1,,D,3
case_0346,2025-02-12 21:46:28,25.846265263269473,1,,D,6
case_0347,2025-02-20 20:47:31,10.264544451923022,1,,D,3
case_0348,2025-01-12 20:34:51,21.32785266993851,1,,D,4
case_0349,2025-02-15 05:42:46,23.04494833233155,0,lost,C,5
case_0350,2025-01-30 09:21:03,15.659601641972166,1,,D,5
case_0351,2025-02-12 18:14:19,18.373072261886886,0,lost,C,11
case_0352,2025-02-25 06:27:46,7.913201103504557,1,,D,3
case_0353,2025-01-30 01:04:38,14.28142569367693,0,lost,B,4
case_0354,2025-01-18 17:56:52,10.120759150630398,1,,D,3
case_0355,2025-02-26 09:45:27,6.867191652290459,0,lost,A,3
case_0356,2025-02-27 08:00:33,11.225271630878543,1,,D,4
case_0357,2025-02-27 03:52:22,15.172279716331703,1,,D,5
case_0358,2025-02-16 11:18:19,9.06748751233815,1,,D,3
case_0359,2025-02-12 15:30:44,13.83416706213044,1,,D,5
case_0360,2025-01-28 05:16:48,11.815196251754518,1,,D,3
case_0361,2025-02-15 21:44:08,9.5021387839149,1,,D,3
case_0362,2025-02-05 04:54:08,15.521210109941862,1,,D,4
case_0363,2025-02-16 15:39:23,7.149221666872687,1,,D,3
case_0364,2025-01-25 13:09:04,25.31295955397696,1,,D,9
case_0365,2025-01-22 16:44:10,21.683307817769226,1,,D,5
case_0366,2025-02-25 14:15:09,18.385848960935004,1,,D,3
case_0367,2025-02-07 03:02:02,7.951699490931573,1,,D,4
case_0368,2025-01-03 05:45:50,11.265603433448991,1,,D,3
case_0369,2025-02-23 15:26:29,27.701443733946675,0,lost,C,7
case_0370,2025-02-01 07:07:09,11.691775651532648,0,lost,C,3
case_0371,2025-01-11 06:51:43,18.742958368664727,1,,D,3
case_0372,2025-01-29 17:27:12,11.055474173165567,1,,D,3
case_0373,2025-02-15 00:59:59,9.257216056152986,1,,D,3
case_0374,2025-01-22 11:56:42,9.390288180079978,1,,D,3
case_0375,2025-01-06 08:10:28,1.6821053386420002,0,lost,A,1
case_0376,2025-01-11 12:07:59,3.1569292839131187,0,lost,B,2
case_0377,2025-01-12 23:46:06,3.8630518104288782,1,,D,3
case_0378,2025-02-21 17:55:18,0.29957487277892136,0,lost,A,1
case_0379,2025-02-19 17:09:14,7.989840456142031,1,,D,4
case_0380,2025-01-15 09:37:52,21.00807448215188,1,,D,3
case_0381,2025-02-20 08:17:29,11.75235254317933,1,,D,3
case_0382,2025-01-07 08:14:27,15.58852224596217,1,,D,4
case_0383,2025-01-24 19:32:22,4.21859047685845,1,,D,4
case_0384,2025-02-19 23:55:26,8.262459556591423,1,,D,3
case_0385,2025-02-17 09:57:56,8.336490319558903,1,,D,3
case_0386,2025-02-25 23:14:32,8.999618650540734,1,,D,3
case_0387,2025-01-11 15:55:07,4.329193732839579,1,,D,3
case_0388,2025-01-13 19:36:36,14.027004508317132,0,lost,B,7
case_0389,2025-01-19 01:43:52,9.479777567719859,1,,D,3
case_0390,2025-02-17 17:59:54,17.440082814206388,0,lost,C,3
case_0391,2025-02-12 03:45:53,7.564962649694876,1,,D,4
case_0392,2025-01-14 07:20:56,10.465565038608002,1,,D,4
case_0393,2025-02-25 04:34:01,3.5531434441655256,1,,D,3
case_0394,2025-02-01 05:17:29,21.109704885742076,1,,D,9
case_0395,2025-03-01 00:58:15,16.070646258002256,1,,D,3
case_0396,2025-02-03 15:05:51,1.6225115667530643,0,lost,B,2
case_0397,2025-01-11 17:02:57,4.5373904255664685,1,,D,3
case_0398,2025-01-29 14:38:15,18.45741431608363,1,,D,6
case_0399,2025-01-31 16:08:39,12.388828007943074,1,,D,3
case_0400,2025-01-05 13:49:05,64.95547248674833,1,,D,10
case_0401,2025-01-03 10:43:49,46.16564066772424,1,,D,7
case_0402,2025-01-19 13:14:45,29.129043025683337,1,,D,6
case_0403,2025-02-22 17:50:09,9.41067734290555,1,,D,3
case_0404,2025-01-30 02:31:46,19.831893226755877,1,,D,5
case_0405,2025-02-21 06:30:41,4.20152724924768,1,,D,3
case_0406,2025-02-08 22:09:44,7.9199743094373325,1,,D,3
case_0407,2025-01-29 04:11:59,24.211073065659335,0,lost,C,5
case_0408,2025-02-04 03:33:04,17.047813156800515,1,,D,3
case_0409,2025-02-15 03:40:03,44.84718698418828,0,study_end,C,3
case_0410,2025-02-12 22:17:01,3.378141875914397,0,lost,B,2
case_0411,2025-01-28 02:39:28,8.570735875751947,1,,D,3
case_0412,2025-01-10 17:54:50,8.658718179035077,1,,D,6
case_0413,2025-01-21 23:14:22,4.413960838850568,1,,D,3
case_0414,2025-01-22 01:11:57,7.366657175461198,0,lost,A,1
case_0415,2025-02-09 15:33:06,5.864787604200652,1,,D,3
case_0416,2025-01-09 08:51:01,38.567697826203556,1,,D,6
case_0417,2025-02-28 00:07:26,1.4809131730632017,0,lost,B,2
case_0418,2025-01-06 16:08:10,14.603872932333772,1,,D,3
case_0419,2025-02-11 18:28:44,12.86859945148656,1,,D,5
case_0420,2025-02-26 18:39:41,32.926431017905934,1,,D,5
case_0421,2025-01-30 04:47:52,15.65406273979421,1,,D,4
case_0422,2025-01-16 02:26:12,14.807730713926741,1,,D,4
case_0423,2025-02-01 09:58:27,7.088752649414512,1,,D,3
case_0424,2025-02-01 02:32:15,11.434052903377323,1,,D,3
case_0425,2025-01-06 21:11:28,7.358854656485812,1,,D,4
case_0426,2025-02-27 08:35:01,4.923423636862742,1,,D,3
case_0427,2025-02-02 19:52:01,28.418467804057673,1,,D,6
case_0428,2025-02-09 04:20:35,7.174846647922274,1,,D,4
case_0429,2025-02-19 10:11:52,9.789710358318604,1,,D,3
case_0430,2025-01-22 09:23:22,18.30569610556845,1,,D,3
case_0431,2025-01-02 08:38:32,5.919023019218031,1,,D,3
case_0432,2025-02-02 20:56:49,19.90262778565897,0,lost,B,4
case_0433,2025-02-26 18:19:37,12.484434533197732,1,,D,4
case_0434,2025-02-18 18:29:36,7.843040348300425,1,,D,4
case_0435,2025-02-13 13:01:58,22.784131279773337,1,,D,3
case_0436,2025-02-22 05:44:18,2.269475315698615,0,lost,A,1
case_0437,2025-03-01 07:57:02,19.97744127687585,1,,D,4
case_0438,2025-01-19 22:49:24,16.656566336286563,1,,D,4
case_0439,2025-02-28 02:31:06,12.771940429601829,1,,D,3
case_0440,2025-02-11 19:29:30,20.963136948732817,1,,D,4
case_0441,2025-01-06 08:51:28,7.557546563035756,1,,D,4
case_0442,2025-02-19 23:49:20,14.549397722358064,1,,D,3
case_0443,2025-02-01 11:51:23,5.094181631022654,1,,D,3
case_0444,2025-02-02 10:24:27,4.382301614836532,0,lost,A,1
case_0445,2025-02-24 15:06:48,2.729647536518112,1,,D,3
case_0446,2025-01-27 20:00:31,4.0096143773384085,1,,D,3
case_0447,2025-02-14 17:41:24,30.777480612939154,1,,D,3
case_0448,2025-02-28 05:27:23,19.519079654944523,0,lost,C,3
case_0449,2025-02-22 19:29:52,3.262265588939843,1,,D,3
case_0450,2025-01-15 19:22:09,8.782554286118529,1,,D,3
case_0451,2025-01-07 19:13:46,13.704701383957826,1,,D,4
case_0452,2025-01-18 02:17:59,10.862600251024404,1,,D,3
case_0453,2025-01-02 22:46:00,4.575322329680539,1,,D,3
case_0454,2025-02-06 15:07:40,16.589450125903234,0,lost,C,5
case_0455,2025-02-22 00:21:35,18.646050112423843,1,,D,5
case_0456,2025-02-10 02:04:14,20.057028856127655,1,,D,4
case_0457,2025-02-24 23:40:09,2.93948826092814,0,lost,A,1
case_0458,2025-02-19 05:38:48,8.854936495782146,0,lost,B,4
case_0459,2025-01-24 12:07:28,10.02575878954038,0,lost,C,3
case_0460,2025-01-06 19:37:30,14.618788807075415,1,,D,3
case_0461,2025-01-06 02:58:52,7.944675408111664,0,lost,C,2
case_0462,2025-01-29 16:58:21,12.81350927166815,0,lost,B,2
case_0463,2025-02-06 20:56:37,1.975866102809778,0,lost,B,2
case_0464,2025-02-26 12:37:02,16.176733880390273,1,,D,6
case_0465,2025-01-07 01:40:23,7.906849647671419,1,,D,3
case_0466,2025-01-15 17:41:56,15.068970774920796,1,,D,3
case_0467,2025-02-27 06:29:46,11.404875158280738,1,,D,3
case_0468,2025-02-22 06:36:31,37.724639573176724,0,study_end,C,3
case_0469,2025-01-24 13:16:21,13.792725602331448,1,,D,3
case_0470,2025-01-10 15:02:51,18.970112500318784,1,,D,4
case_0471,2025-01-15 03:37:12,5.370832984806755,0,lost,B,2
case_0472,2025-02-18 23:43:37,6.029318955207062,1,,D,4
case_0473,2025-01-01 09:59:56,3.1997418426646442,1,,D,3
case_0474,2025-02-25 16:54:45,27.413000545551895,1,,D,5
case_0475,2025-02-23 06:03:41,13.1743775038449,0,lost,B,6
case_0476,2025-01-27 16:07:01,12.427306862654705,1,,D,6
case_0477,2025-01-19 09:40:49,18.542396253987572,1,,D,4
case_0478,2025-01-31 08:30:33,17.79958248162318,1,,D,4
case_0479,2025-01-16 16:52:03,12.903755547262493,0,lost,C,2
case_0480,2025-02-02 01:42:15,13.370852430530567,1,,D,4
case_0481,2025-01-16 11:46:06,7.252139791181724,1,,D,3
case_0482,2025-01-07 00:23:04,18.41037463290115,1,,D,3
case_0483,2025-02-18 02:32:39,4.991369878942241,1,,D,4
case_0484,2025-02-18 11:49:47,22.070323963699295,1,,D,3
case_0485,2025-01-31 14:35:02,36.88963658466953,1,,D,3
case_0486,2025-01-03 07:41:23,11.979160384432758,1,,D,6
case_0487,2025-01-12 00:11:35,4.907390111013855,1,,D,3
case_0488,2025-01-19 02:07:19,8.957367013669813,1,,D,5
case_0489,2025-02-06 19:01:01,10.610242252521493,1,,D,5
case_0490,2025-01-02 21:08:25,6.873544587742876,1,,D,3
case_0491,2025-01-24 19:12:31,6.835814667334786,1,,D,5
case_0492,2025-01-22 15:31:00,14.921039881811803,1,,D,5
case_0493,2025-01-27 04:20:40,5.385606713750262,1,,D,4
case_0494,2025-02-20 15:19:09,20.98081421215513,1,,D,10
case_0495,2025-02-21 14:12:49,12.400802582592856,1,,D,5
case_0496,2025-02-05 21:43:14,31.17965504059526,1,,D,7
case_0497,2025-02-09 19:46:33,19.112625493758657,1,,D,6
case_0498,2025-02-02 19:17:50,19.755172394070165,1,,D,7
case_0499,2025-02-15 07:48:05,4.627535496872049,1,,D,3
case_0500,2025-01-21 09:23:32,6.703440580820287,1,,D,4
case_0501,2025-01-15 06:09:44,6.307005386974765,1,,D,4
case_0502,2025-01-18 07:00:35,13.78315644319737,1,,D,3
case_0503,2025-02-07 09:59:07,20.483223074379925,1,,D,9
case_0504,2025-01-02 18:04:17,57.07399446509355,1,,D,4
case_0505,2025-01-24 22:15:22,11.838589456256551,0,lost,B,3
case_0506,2025-01-02 13:48:58,7.8352681528397135,1,,D,5
case_0507,2025-02-26 09:03:45,7.919363978406465,1,,D,3
case_0508,2025-02-23 16:31:28,17.739033460177815,1,,D,3
case_0509,2025-01-19 11:07:13,11.32521657611619,1,,D,3
case_0510,2025-02-16 22:07:37,17.690546080274466,1,,D,3
case_0511,2025-02-17 03:56:48,8.396235920702498,1,,D,3
case_0512,2025-02-05 17:25:57,9.865986387208938,1,,D,4
case_0513,2025-01-09 17:08:17,21.83183786711573,1,,D,5
case_0514,2025-01-25 03:41:54,19.209853242001472,0,lost,C,6
case_0515,2025-01-15 05:59:37,16.61086776007544,1,,D,6
case_0516,2025-01-21 20:13:49,19.053189227466447,1,,D,3
case_0517,2025-02-26 00:04:27,2.688550508021123,0,lost,A,1
case_0518,2025-02-04 22:52:42,34.67466326656482,1,,D,4
case_0519,2025-01-05 01:01:51,6.649363254200058,1,,D,4
case_0520,2025-02-02 07:27:15,11.66250526116292,0,lost,C,5
case_0521,2025-02-26 01:32:22,13.239530556674714,1,,D,3
case_0522,2025-02-05 23:52:37,1.8526078125464809,1,,D,4
case_0523,2025-01-14 05:11:58,40.54765542483826,1,,D,3
case_0524,2025-01-05 12:27:02,15.815649244725856,1,,D,4
case_0525,2025-02-02 15:09:36,5.573857064060702,0,lost,C,3
case_0526,2025-02-04 00:15:44,4.501557229595131,1,,D,3
case_0527,2025-02-08 22:04:12,2.8232318141697657,1,,D,3
case_0528,2025-02-05 05:33:35,5.722222792652251,1,,D,6
case_0529,2025-01-13 18:01:08,16.765390623732277,1,,D,4
case_0530,2025-01-25 23:03:09,23.06083092879553,0,lost,C,5
case_0531,2025-01-01 14:56:25,26.73231129143705,1,,D,6
case_0532,2025-01-05 01:47:55,8.032200395964642,1,,D,3
case_0533,2025-01-15 21:00:13,3.4730035537874606,1,,D,3
case_0534,2025-02-22 15:01:09,14.43171591248285,1,,D,7
case_0535,2025-01-16 14:42:20,3.39024951963788,1,,D,3
case_0536,2025-02-09 15:19:49,8.652502902621793,1,,D,3
case_0537,2025-02-07 13:53:48,3.7184526848893626,1,,D,3
case_0538,2025-02-02 22:26:33,9.454471633076167,1,,D,4
case_0539,2025-01-10 21:52:12,5.492753269988141,1,,D,3
case_0540,2025-02-11 19:34:05,20.99488433436293,1,,D,9
case_0541,2025-02-05 12:23:39,0.30281063809062153,0,lost,B,2
case_0542,2025-02-03 06:04:14,4.925972128921245,1,,D,4
case_0543,2025-01-02 11:58:33,18.25894272562708,1,,D,3
case_0544,2025-01-26 19:52:03,3.9096786867061866,1,,D,3
case_0545,2025-02-01 01:18:37,4.478362767155532,1,,D,3
case_0546,2025-01-16 04:03:38,7.587684320257639,0,lost,C,3
case_0547,2025-02-04 12:57:41,15.337186212702292,1,,D,8
case_0548,2025-01-22 10:25:23,18.28530266517872,1,,D,7
case_0549,2025-01-15 13:33:53,12.432399899554436,1,,D,6
case_0550,2025-02-18 13:58:14,8.719214851840707,0,lost,A,1
case_0551,2025-02-07 18:22:29,16.58258141647525,0,lost,C,2
case_0552,2025-01-26 07:39:59,9.870148975146034,1,,D,4
case_0553,2025-02-15 15:43:24,10.353150832098315,1,,D,7
case_0554,2025-02-20 21:00:20,9.036788422510266,0,lost,B,2
case_0555,2025-01-16 14:03:17,74.4143892645395,0,study_end,C,5
case_0556,2025-02-19 22:43:11,6.182998931638297,1,,D,4
case_0557,2025-01-19 05:27:42,11.358841161983674,1,,D,4
case_0558,2025-01-02 20:24:15,5.667312117351708,1,,D,3
case_0559,2025-01-29 01:32:24,9.149478373385136,1,,D,3
case_0560,2025-02-14 10:44:02,17.85170727787085,1,,D,3
case_0561,2025-01-15 13:21:43,9.692739721132678,0,lost,A,1
case_0562,2025-01-07 09:42:19,5.980316863553268,1,,D,5
case_0563,2025-02-26 08:45:55,22.342971950521495,1,,D,5
case_0564,2025-01-08 18:47:34,10.362680021841372,0,lost,A,1
case_0565,2025-01-03 23:48:00,15.514229527250304,1,,D,4
case_0566,2025-01-16 06:39:06,14.869398298897881,1,,D,3
case_0567,2025-01-09 10:21:20,30.720643795272444,1,,D,4
case_0568,2025-02-18 11:57:42,19.442588422090957,0,lost,B,3
case_0569,2025-01-30 10:27:38,4.20766771513659,1,,D,4
case_0570,2025-02-24 05:20:32,14.43970406901106,1,,D,3
case_0571,2025-01-19 20:20:41,7.048722316188732,1,,D,3
case_0572,2025-02-25 21:26:34,9.231712631361646,0,lost,A,5
case_0573,2025-01-06 12:27:08,10.894182637273666,1,,D,3
case_0574,2025-02-04 00:55:53,8.944365624926387,1,,D,3
case_0575,2025-02-10 00:10:17,4.620872160404753,1,,D,3
case_0576,2025-01-13 19:37:36,17.97408575634226,0,lost,C,2
case_0577,2025-02-19 02:38:47,36.889682148863606,1,,D,12
case_0578,2025-01-31 06:21:24,3.1887178507393714,0,lost,A,1
case_0579,2025-02-14 18:47:35,18.218741657145355,1,,D,4
case_0580,2025-02-27 05:30:16,24.601365725017654,0,lost,A,8
case_0581,2025-01-02 04:38:36,15.875698892212435,1,,D,4
case_0582,2025-02-25 17:02:11,20.24554413766431,1,,D,5
case_0583,2025-02-03 08:28:40,5.858364075913843,1,,D,3
case_0584,2025-01-29 12:59:02,18.78610268910851,1,,D,4
case_0585,2025-02-19 23:30:10,21.99092388146869,1,,D,5
case_0586,2025-02-08 21:11:13,1.9732803340302014,1,,D,3
case_0587,2025-01-05 09:35:44,12.713369668970278,1,,D,5
case_0588,2025-02-25 05:01:59,4.568402257560065,1,,D,5
case_0589,2025-01-06 07:54:51,14.060842399574637,1,,D,9
case_0590,2025-02-21 22:42:12,5.043016447741624,1,,D,3
case_0591,2025-02-24 22:51:47,12.814081614907353,1,,D,5
case_0592,2025-02-03 15:54:50,15.674305018660029,1,,D,5
case_0593,2025-01-08 08:13:12,10.842646529254012,1,,D,4
case_0594,2025-02-02 08:24:25,7.99248153316425,1,,D,3
case_0595,2025-02-25 10:44:03,8.318435172524024,1,,D,5
case_0596,2025-01-15 18:42:12,3.208451162532897,1,,D,4
case_0597,2025-02-01 05:12:44,12.862489495521164,1,,D,4
case_0598,2025-02-15 04:01:33,6.183011590188532,1,,D,3
case_0599,2025-01-06 14:19:01,13.542810542164702,0,lost,B,4
case_0600,2025-02-17 05:24:26,6.253443635199987,1,,D,4
case_0601,2025-02-20 03:49:53,16.510628248245876,1,,D,5
case_0602,2025-01-08 12:41:20,4.855718370513994,1,,D,4
case_0603,2025-01-19 18:34:24,14.544141391660549,0,lost,B,3
case_0604,2025-02-05 03:48:12,8.196712598110462,1,,D,4
case_0605,2025-01-20 15:09:55,37.70185108175219,1,,D,7
case_0606,2025-02-01 17:42:04,9.67647463886528,1,,D,3
case_0607,2025-02-20 10:24:19,4.1294430449689195,1,,D,4
case_0608,2025-01-13 19:59:11,16.428911358946785,0,lost,C,4
case_0609,2025-02-04 21:20:55,30.492454210957753,1,,D,6
case_0610,2025-01-12 07:52:06,6.824196965654624,0,lost,B,3
case_0611,2025-02-03 22:41:30,33.47493201997657,1,,D,8
case_0612,2025-03-01 18:22:33,16.573658448801424,1,,D,4
case_0613,2025-01-13 21:01:18,4.795739538680969,1,,D,4
case_0614,2025-02-25 19:01:00,17.098645448836713,1,,D,4
case_0615,2025-01-02 02:05:23,18.311307747826294,1,,D,5
case_0616,2025-02-05 17:10:14,5.767345600564681,1,,D,3
case_0617,2025-01-27 03:22:39,4.366830186242322,0,lost,B,2
case_0618,2025-01-14 05:26:16,5.607379646009991,1,,D,4
case_0619,2025-02-25 07:38:50,6.103619672091682,1,,D,4
case_0620,2025-01-21 21:22:05,18.916803912482102,1,,D,8
case_0621,2025-02-26 12:40:36,10.971395735293187,1,,D,3
case_0622,2025-02-04 15:21:21,14.74196670038864,1,,D,4
case_0623,2025-01-15 01:50:16,4.9776224397133415,0,lost,A,3
case_0624,2025-01-06 15:44:07,45.413487260213024,0,lost,C,9
case_0625,2025-01-17 23:59:51,4.017273232496153,1,,D,4
case_0626,2025-01-04 17:25:18,20.824876391653913,1,,D,3
case_0627,2025-01-15 16:02:14,16.753662322892986,1,,D,5
case_0628,2025-01-25 21:07:36,10.39965537900462,1,,D,3
case_0629,2025-03-01 11:54:43,7.354963225679239,0,lost,C,3
case_0630,2025-02-12 01:18:06,3.865855553439275,1,,D,3
case_0631,2025-02-18 17:44:04,14.555009783445636,1,,D,8
case_0632,2025-02-04 22:31:00,9.901952258380167,1,,D,7
case_0633,2025-01-27 19:02:18,10.748979063970113,1,,D,3
case_0634,2025-01-04 10:43:42,6.932405601210788,1,,D,3
case_0635,2025-02-28 20:06:00,14.640435269713672,1,,D,3
case_0636,2025-01-27 16:07:10,4.069699755676304,1,,D,3
case_0637,2025-01-27 21:27:55,12.78452149372084,0,lost,C,3
case_0638,2025-02-08 22:03:12,10.781357801206696,1,,D,3
case_0639,2025-01-22 04:58:14,25.055594546389116,1,,D,3
case_0640,2025-02-08 18:48:01,11.972824625752684,1,,D,3
case_0641,2025-02-26 19:51:42,33.172434154516466,0,study_end,C,9
case_0642,2025-02-12 10:42:07,2.54258975207405,1,,D,3
case_0643,2025-01-31 12:08:24,6.149556927487001,1,,D,3
case_0644,2025-03-01 14:18:26,8.995607954135734,0,lost,C,2
case_0645,2025-01-24 09:24:42,5.221956667887566,1,,D,3
case_0646,2025-01-12 21:37:47,11.00417061057939,1,,D,3
case_0647,2025-02-14 21:39:45,8.927138922367208,1,,D,4
case_0648,2025-01-31 09:45:22,45.93208015872,1,,D,13
case_0649,2025-02-22 17:12:22,5.455088720832388,0,lost,A,1
case_0650,2025-01-25 23:13:55,6.787818149553486,0,lost,C,2
case_0651,2025-01-22 07:14:35,6.196933135514878,1,,D,3
case_0652,2025-01-08 11:15:31,2.861837838237236,1,,D,4
case_0653,2025-01-12 03:46:26,4.1050197924622935,1,,D,4
case_0654,2025-02-07 01:38:57,13.522446840312684,0,lost,B,5
case_0655,2025-02-26 05:40:19,25.158150309256076,0,lost,C,9
case_0656,2025-02-08 01:49:13,4.995440803107575,1,,D,4
case_0657,2025-02-07 13:56:51,13.362074820453,1,,D,5
case_0658,2025-02-27 03:48:48,15.11241797764875,1,,D,5
case_0659,2025-02-03 00:09:51,20.527665223101163,1,,D,8
case_0660,2025-02-04 04:05:43,12.122619265499846,1,,D,5
case_0661,2025-02-09 06:59:46,10.912709154433795,1,,D,3
case_0662,2025-01-25 03:37:32,10.215151187044434,1,,D,3
case_0663,2025-01-13 16:55:12,3.006829967292306,1,,D,3
case_0664,2025-01-22 07:02:01,4.053074977756241,1,,D,3
case_0665,2025-02-17 16:22:35,1.819847344520262,1,,D,4
case_0666,2025-01-21 18:51:20,20.67691551193988,1,,D,5
case_0667,2025-01-23 03:53:25,13.45374801624374,1,,D,5
case_0668,2025-02-20 16:56:09,19.419970208767026,1,,D,8
case_0669,2025-01-05 02:28:29,1.5307377304188883,1,,D,3
case_0670,2025-01-09 18:55:32,9.19943117344887,1,,D,6
case_0671,2025-01-10 08:01:48,11.892195903796031,1,,D,3
case_0672,2025-01-05 14:00:33,1.4638246385585194,0,lost,B,2
case_0673,2025-01-07 13:59:59,27.337801644272442,1,,D,8
case_0674,2025-02-18 03:55:52,12.602239006416486,1,,D,5
case_0675,2025-02-12 10:01:47,5.14560865864877,1,,D,4
case_0676,2025-01-19 18:47:07,16.485236444571548,1,,D,6
case_0677,2025-02-17 17:11:26,5.353419140494284,1,,D,4
case_0678,2025-01-02 17:58:30,4.728452369023431,1,,D,4
case_0679,2025-01-07 01:10:55,26.665002446751693,1,,D,4
case_0680,2025-01-14 17:17:39,23.90315539371089,1,,D,4
case_0681,2025-01-18 17:10:53,12.836885967046413,1,,D,8
case_0682,2025-01-24 16:21:44,9.031388803402068,1,,D,6
case_0683,2025-02-09 07:16:14,20.77320067692648,1,,D,3
case_0684,2025-02-26 21:46:30,13.544297955918562,1,,D,3
case_0685,2025-02-27 15:20:21,18.4175433021581,1,,D,5
case_0686,2025-03-01 03:29:28,2.4201427542301417,1,,D,3
case_0687,2025-01-04 15:33:43,5.740166884977949,1,,D,4
case_0688,2025-02-01 07:16:25,5.415075200269447,1,,D,4
case_0689,2025-02-05 17:44:53,7.161627537852862,1,,D,3
case_0690,2025-01-14 23:52:07,24.65273674968937,1,,D,3
case_0691,2025-01-17 06:39:47,17.398848247905654,1,,D,5
case_0692,2025-01-18 14:27:12,25.0417883826315,1,,D,10
case_0693,2025-02-24 11:54:43,5.536214265816512,1,,D,4
case_0694,2025-01-02 14:24:56,4.655895039655335,1,,D,3
case_0695,2025-01-06 03:18:28,2.035008546259256,1,,D,3
case_0696,2025-02-12 08:16:04,19.817001478167537,1,,D,5
case_0697,2025-02-14 21:50:02,20.474017073388936,1,,D,3
case_0698,2025-02-04 18:25:58,12.878123759219749,1,,D,8
case_0699,2025-01-16 04:45:30,21.04822226684525,1,,D,3
case_0700,2025-02-25 17:37:46,12.49494329271816,1,,D,4
case_0701,2025-01-01 09:07:35,7.558738663584211,1,,D,3
case_0702,2025-02-17 04:40:15,23.45082904480384,1,,D,3
case_0703,2025-02-01 09:24:50,12.446105212347051,1,,D,4
case_0704,2025-02-19 06:53:11,28.720850311644636,1,,D,7
case_0705,2025-01-28 02:02:11,12.365638236170115,1,,D,3
case_0706,2025-02-04 04:31:52,20.40810830604263,1,,D,3
case_0707,2025-02-11 07:54:20,10.586565412899883,1,,D,4
case_0708,2025-02-03 05:45:35,3.018147155407592,0,lost,A,1
case_0709,2025-01-30 20:37:02,4.402707884705693,1,,D,3
case_0710,2025-02-04 03:33:28,6.517250061918424,1,,D,3
case_0711,2025-01-30 11:33:48,13.76550265678182,1,,D,4
case_0712,2025-01-10 07:17:24,0.41419025392004805,0,lost,B,2
case_0713,2025-01-25 19:32:17,22.861099320079546,0,lost,C,6
case_0714,2025-01-22 00:46:55,20.213786714479426,1,,D,10
case_0715,2025-01-05 18:09:17,22.818121451351498,1,,D,4
case_0716,2025-01-31 02:02:09,30.12141990001905,1,,D,7
case_0717,2025-01-09 19:10:55,16.803214224302344,1,,D,5
case_0718,2025-02-13 20:18:40,3.629490230618649,1,,D,3
case_0719,2025-02-03 05:07:33,7.820934880897428,1,,D,4
case_0720,2025-02-07 13:53:29,3.09949233422789,0,lost,A,1
case_0721,2025-01-07 13:18:51,2.7411762028940765,0,lost,B,4
case_0722,2025-02-23 01:50:24,13.932708981526256,1,,D,8
case_0723,2025-02-04 05:27:05,19.931157129235046,0,lost,C,3
case_0724,2025-02-13 03:12:48,1.840834412640878,0,lost,C,3
case_0725,2025-01-07 19:15:28,16.70900055746934,1,,D,4
case_0726,2025-02-23 07:23:48,5.768172379168562,0,lost,C,3
case_0727,2025-02-10 16:29:52,2.4991748670874947,1,,D,3
case_0728,2025-02-20 15:05:59,2.586406275472654,1,,D,4
case_0729,2025-02-03 09:02:07,15.9739402014246,1,,D,4
case_0730,2025-01-20 12:44:38,7.896965723129502,1,,D,4
case_0731,2025-01-25 21:45:15,7.45113125523263,1,,D,3
case_0732,2025-02-25 21:57:07,21.18936491410087,0,lost,C,2
case_0733,2025-02-28 13:35:13,20.72704821030748,1,,D,3
case_0734,2025-02-10 08:37:56,19.459055984819948,1,,D,7
case_0735,2025-01-06 23:32:59,31.13044713799913,1,,D,7
case_0736,2025-02-02 12:43:31,6.0054526968241255,1,,D,5
case_0737,2025-02-18 06:13:22,10.427867687116903,1,,D,5
case_0738,2025-02-03 09:26:25,20.612057328092735,1,,D,8
case_0739,2025-01-22 06:56:30,4.177204801021265,1,,D,4
case_0740,2025-02-15 03:52:35,2.8059052975996845,1,,D,4
case_0741,2025-01-26 04:59:55,16.513331002388718,1,,D,3
case_0742,2025-01-15 10:48:43,2.885374596447722,1,,D,4
case_0743,2025-01-16 03:16:02,20.524475714757052,1,,D,7
case_0744,2025-01-08 00:50:59,7.439471705777342,1,,D,3
case_0745,2025-01-14 08:12:18,19.801713677729616,1,,D,6
case_0746,2025-01-29 03:24:28,9.681851733498553,1,,D,6
case_0747,2025-01-23 19:56:29,10.686439272393423,0,lost,C,5
case_0748,2025-02-02 13:09:01,7.755835178943867,0,lost,C,2
case_0749,2025-01-29 09:54:46,6.54007673944821,1,,D,4
case_0750,2025-02-10 09:09:42,9.896016063466288,1,,D,3
case_0751,2025-02-28 05:17:15,3.94421516625976,1,,D,3
case_0752,2025-01-24 20:52:10,2.850181163259544,0,lost,A,1
case_0753,2025-01-14 10:51:20,20.223269099521275,1,,D,4
case_0754,2025-02-19 15:04:23,8.982874174109384,1,,D,5
case_0755,2025-02-08 16:43:16,10.92309332410867,0,lost,C,3
case_0756,2025-02-10 09:15:11,10.818496689660945,0,lost,C,3
case_0757,2025-02-25 15:57:01,9.786464357289976,1,,D,3
case_0758,2025-01-09 17:42:14,3.63068225348022,1,,D,4
case_0759,2025-01-13 21:54:13,34.46970779173891,1,,D,7
case_0760,2025-02-05 02:23:08,10.069747506320809,1,,D,4
case_0761,2025-01-18 04:17:52,6.051226225843639,1,,D,4
case_0762,2025-01-06 02:06:24,10.209991403966516,1,,D,3
case_0763,2025-02-09 11:49:05,20.558859883544322,1,,D,5
case_0764,2025-01-16 22:39:10,30.024003431445006,1,,D,6
case_0765,2025-01-11 08:12:28,22.953241657822314,1,,D,3
case_0766,2025-01-27 05:26:10,14.852124309830616,0,lost,C,3
case_0767,2025-02-12 12:24:06,18.45227327598384,1,,D,7
case_0768,2025-02-17 03:22:48,10.956950162760517,1,,D,6
case_0769,2025-02-17 22:27:35,9.972406455926233,1,,D,4
case_0770,2025-01-19 00:35:37,18.890168514729837,1,,D,3
case_0771,2025-01-13 15:43:50,28.813143830588228,1,,D,3
case_0772,2025-02-12 17:45:01,10.320534677784561,1,,D,4
case_0773,2025-02-24 00:47:42,17.593723413612462,1,,D,3
case_0774,2025-01-20 14:04:15,14.714607891091287,1,,D,3
case_0775,2025-01-26 00:52:36,3.865397314490326,1,,D,3
case_0776,2025-01-07 19:06:02,40.95736550792537,1,,D,3
case_0777,2025-01-19 04:20:24,16.550445145019204,1,,D,3
case_0778,2025-02-03 07:56:28,14.053784671568975,1,,D,3
case_0779,2025-02-15 19:54:06,3.2248672867957375,0,lost,C,2
case_0780,2025-01-12 02:35:32,9.818581826710076,1,,D,4
case_0781,2025-01-30 15:59:15,4.196370078104526,0,lost,B,2
case_0782,2025-02-09 00:17:33,17.004901704405306,1,,D,4
case_0783,2025-01-15 05:16:34,20.035773587858955,1,,D,5
case_0784,2025-01-02 09:18:04,17.426768582760047,1,,D,4
case_0785,2025-02-27 02:23:36,3.84458789575726,0,lost,B,2
case_0786,2025-01-09 23:35:58,2.340549929751117,1,,D,4
case_0787,2025-01-23 16:51:42,6.9410039808554655,1,,D,3
case_0788,2025-02-24 04:33:07,7.109137130137251,1,,D,4
case_0789,2025-02-16 02:07:26,6.601727749709652,1,,D,3
case_0790,2025-02-08 15:52:14,10.396603019955537,1,,D,5
case_0791,2025-01-03 06:10:42,6.357114232699814,1,,D,3
case_0792,2025-02-06 06:39:13,23.64571307157552,1,,D,3
case_0793,2025-02-08 12:36:02,17.159884342119923,1,,D,5
case_0794,2025-02-05 12:24:16,16.440399178881748,1,,D,5
case_0795,2025-01-09 03:17:42,11.235478661610127,0,lost,B,4
case_0796,2025-02-02 18:46:58,23.093587128812498,1,,D,3
case_0797,2025-01-21 15:09:50,5.727945418523136,0,lost,C,3
case_0798,2025-02-12 20:58:07,6.079909604972373,1,,D,3
case_0799,2025-01-03 23:42:28,6.680064480357712,1,,D,3
case_0800,2025-02-22 03:38:26,8.391739652969829,1,,D,6
case_0801,2025-01-31 23:07:20,15.488387407717305,1,,D,3
case_0802,2025-02-12 23:34:16,17.974588902404527,1,,D,6
case_0803,2025-01-31 04:00:09,5.240469673793749,1,,D,3
case_0804,2025-02-05 17:17:33,17.408762151823783,1,,D,3
case_0805,2025-02-07 12:07:49,7.83775804093862,1,,D,3
case_0806,2025-02-22 16:12:02,5.406508135626204,1,,D,3
case_0807,2025-01-02 01:14:33,26.37603334403083,1,,D,10
case_0808,2025-02-11 01:39:51,16.472288332550086,1,,D,6
case_0809,2025-01-17 15:08:29,7.289906002471572,1,,D,4
case_0810,2025-01-30 02:22:35,17.501001433535077,1,,D,4
case_0811,2025-03-01 01:42:34,14.864502233034736,1,,D,6
case_0812,2025-01-29 15:40:24,0.21565145495145813,0,lost,A,1
case_0813,2025-02-18 14:00:44,19.429073788827957,1,,D,5
case_0814,2025-02-25 17:05:58,4.7878561773875505,0,lost,C,2
case_0815,2025-01-31 11:58:25,8.839147266130727,1,,D,6
case_0816,2025-01-05 19:36:01,7.5123223428031025,1,,D,4
case_0817,2025-01-26 10:23:22,4.916363021147465,1,,D,4
case_0818,2025-02-06 08:22:11,13.71095166351234,1,,D,7
case_0819,2025-02-03 06:49:00,11.09472917308305,0,lost,C,5
case_0820,2025-01-07 07:30:28,7.856563627510684,1,,D,3
case_0821,2025-01-10 02:42:04,21.564561088043355,1,,D,4
case_0822,2025-01-22 02:22:43,4.9821977478829265,1,,D,4
case_0823,2025-01-07 00:02:09,34.053919241782836,0,lost,C,10
case_0824,2025-02-27 19:34:25,15.95144111311422,1,,D,3
case_0825,2025-01-11 22:59:50,8.317374128249815,1,,D,4
case_0826,2025-01-03 07:51:18,2.8741185484479157,0,lost,A,3
case_0827,2025-02-15 08:18:35,6.894818036608707,1,,D,4
case_0828,2025-01-30 05:36:29,5.040709229740536,1,,D,3
case_0829,2025-02-18 17:21:21,19.803837663959378,1,,D,4
case_0830,2025-02-20 21:50:03,39.09024089183513,0,study_end,C,2
case_0831,2025-01-19 17:28:37,0.722212287912514,0,lost,A,1
case_0832,2025-01-26 06:52:35,32.6591128983998,0,lost,B,5
case_0833,2025-01-22 16:13:28,6.760603205909033,1,,D,3
case_0834,2025-01-13 11:30:21,2.805727148480172,1,,D,4
case_0835,2025-02-23 07:25:09,4.054250065936006,1,,D,3
case_0836,2025-01-27 21:26:12,18.454750593375742,1,,D,9
case_0837,2025-02-25 20:42:51,13.683347471468121,1,,D,6
case_0838,2025-01-17 20:02:03,19.81803307183123,1,,D,5
case_0839,2025-01-20 05:01:22,19.194935534812174,1,,D,4
case_0840,2025-01-14 15:20:27,17.136345691233625,1,,D,5
case_0841,2025-02-27 13:21:45,20.807998054978093,1,,D,3
case_0842,2025-02-16 18:36:02,0.2174815364496795,0,lost,A,1
case_0843,2025-01-18 08:06:35,2.0108550912313365,0,lost,A,1
case_0844,2025-02-28 08:38:20,17.427675047828508,1,,D,6
case_0845,2025-02-06 02:34:39,20.76138023277132,1,,D,5
case_0846,2025-01-28 22:18:45,27.804393577935624,1,,D,3
case_0847,2025-01-21 11:12:51,23.214880886183536,1,,D,6
case_0848,2025-01-26 01:33:12,15.05444708906777,1,,D,4
case_0849,2025-02-11 03:02:50,19.4863461344369,1,,D,6
case_0850,2025-02-10 12:02:46,11.39966826928795,1,,D,4
case_0851,2025-02-13 04:37:05,7.2818025442685,1,,D,4
case_0852,2025-01-11 23:17:41,4.927785795732736,0,lost,B,2
case_0853,2025-02-26 19:03:05,5.596904732554768,0,lost,A,1
case_0854,2025-01-02 22:53:46,15.339311252172285,1,,D,6
case_0855,2025-01-10 09:02:33,24.835216664272018,1,,D,9
case_0856,2025-01-23 17:43:06,8.554923476371183,1,,D,3
case_0857,2025-01-03 10:53:19,5.649702664918891,1,,D,3
case_0858,2025-02-21 08:38:23,8.918628929366351,1,,D,4
case_0859,2025-02-11 20:54:08,0.5763987528768383,1,,D,3
case_0860,2025-01-22 14:12:12,13.87870034269487,1,,D,4
case_0861,2025-02-26 09:36:24,30.87244940356071,1,,D,13
case_0862,2025-02-22 05:17:18,21.61910926497152,1,,D,3
case_0863,2025-02-01 09:24:00,19.414734715776284,1,,D,3
case_0864,2025-02-17 23:59:01,3.2898788613672654,1,,D,3
case_0865,2025-02-22 15:05:50,16.00482388240862,1,,D,5
case_0866,2025-02-18 15:17:42,3.6629415460840757,0,lost,B,2
case_0867,2025-01-08 05:12:22,4.632464225439074,1,,D,4
case_0868,2025-01-27 21:28:36,15.393175762208305,1,,D,3
case_0869,2025-02-24 10:24:06,9.483182795506913,1,,D,4
case_0870,2025-02-08 02:54:45,5.106942200110875,1,,D,3
case_0871,2025-01-20 11:15:20,15.488886527194111,1,,D,3
case_0872,2025-01-10 13:58:48,12.082943905376666,1,,D,3
case_0873,2025-01-22 01:40:10,5.708600839622859,0,lost,C,3
case_0874,2025-02-26 22:31:03,17.47653560740116,1,,D,5
case_0875,2025-02-18 17:22:37,5.5327038331242955,1,,D,3
case_0876,2025-02-27 05:56:52,3.7206239504118135,1,,D,4
case_0877,2025-02-26 15:59:56,14.550621165980468,1,,D,3
case_0878,2025-01-08 09:30:25,34.196291618639776,1,,D,8
case_0879,2025-01-01 04:08:13,8.526406021284528,1,,D,3
case_0880,2025-02-04 04:49:11,15.730577039355055,1,,D,3
case_0881,2025-02-10 11:26:03,20.973349378123757,0,lost,C,4
case_0882,2025-01-26 09:55:52,6.142372389293665,0,lost,A,1
case_0883,2025-02-05 06:41:12,21.038913863318044,1,,D,4
case_0884,2025-02-27 12:08:18,0.5939011324027224,1,,D,3
case_0885,2025-02-16 09:21:01,2.348301052583325,0,lost,A,1
case_0886,2025-01-29 11:51:35,18.790403176288873,1,,D,4
case_0887,2025-01-18 12:12:06,1.651156474388774,0,lost,A,1
case_0888,2025-01-18 01:23:17,8.758467695916003,1,,D,4
case_0889,2025-01-26 18:42:55,17.70034686793627,1,,D,3
case_0890,2025-01-15 05:56:31,6.808878624420126,1,,D,3
case_0891,2025-02-06 21:54:46,9.090574969310657,1,,D,4
case_0892,2025-01-27 21:43:55,8.895910296403862,1,,D,4
case_0893,2025-01-21 16:53:02,3.037405279172635,1,,D,3
case_0894,2025-01-09 15:13:00,6.306435263241431,1,,D,3
case_0895,2025-02-24 20:31:38,8.104969085171977,0,lost,C,2
case_0896,2025-01-18 16:56:41,14.515164127869483,1,,D,4
case_0897,2025-02-15 07:57:51,8.417984453626081,1,,D,4
case_0898,2025-02-22 09:01:20,16.045920231808992,1,,D,6
case_0899,2025-01-12 21:42:58,52.22683442280293,1,,D,3
case_0900,2025-02-14 10:51:18,15.326127984365773,1,,D,8
case_0901,2025-01-27 16:36:30,11.59789004865386,0,lost,C,2
case_0902,2025-02-16 17:53:30,2.218093162342608,0,lost,B,2
case_0903,2025-01-31 09:51:25,11.851371775122436,1,,D,5
case_0904,2025-01-21 05:58:28,14.92923280443502,1,,D,6
case_0905,2025-01-31 19:54:09,2.123386981600978,1,,D,3
case_0906,2025-01-25 15:39:02,64.92849268970232,0,lost,C,3
case_0907,2025-02-06 08:04:35,15.898958284979148,1,,D,3
case_0908,2025-02-20 10:59:49,10.590031219981855,1,,D,4
case_0909,2025-01-27 04:59:44,7.308562050733679,1,,D,3
case_0910,2025-02-26 13:33:05,4.063036756624584,0,lost,C,3
case_0911,2025-02-24 17:21:06,11.01821597915643,1,,D,3
case_0912,2025-01-16 07:01:40,12.888751928051565,1,,D,4
case_0913,2025-01-18 13:32:42,5.976637100952731,1,,D,3
case_0914,2025-01-13 11:01:39,9.434791650327345,1,,D,3
case_0915,2025-02-22 23:51:11,0.1884104971946598,0,lost,A,1
case_0916,2025-01-02 10:38:14,19.036224410713082,1,,D,7
case_0917,2025-02-14 18:32:40,4.86317222952928,1,,D,4
case_0918,2025-01-21 01:06:36,15.281153799228116,1,,D,9
case_0919,2025-01-26 07:24:20,11.59965181894794,1,,D,3
case_0920,2025-02-12 23:31:00,9.810878981810589,1,,D,6
case_0921,2025-02-23 13:30:47,31.490678165947266,1,,D,5
case_0922,2025-02-17 15:33:10,3.7153409977954643,1,,D,4
case_0923,2025-01-23 19:56:56,18.27782209818205,1,,D,6
case_0924,2025-02-27 21:10:17,12.210468789710433,1,,D,6
case_0925,2025-01-15 15:06:03,39.01254711826423,1,,D,5
case_0926,2025-01-18 02:07:34,8.020863093257265,0,lost,C,5
case_0927,2025-01-16 07:21:54,20.841210731633026,1,,D,5
case_0928,2025-02-05 21:40:27,12.879589274573108,1,,D,3
case_0929,2025-01-12 06:39:43,24.996232777668126,1,,D,10
case_0930,2025-01-07 20:29:38,17.261695666623634,0,lost,C,3
case_0931,2025-02-11 22:05:59,6.116742191271593,1,,D,3
case_0932,2025-02-04 18:48:04,20.69302618112723,0,lost,C,9
case_0933,2025-01-28 23:30:39,46.450969718518095,1,,D,6
case_0934,2025-02-09 19:32:21,15.00321164969536,1,,D,5
case_0935,2025-01-15 02:54:19,28.902087077690044,1,,D,4
case_0936,2025-01-16 12:15:08,20.844094229708826,1,,D,13
case_0937,2025-02-04 06:30:33,15.39746293096449,1,,D,4
case_0938,2025-01-11 15:31:56,19.2227761437439,1,,D,5
case_0939,2025-01-28 02:22:15,12.391625262593717,1,,D,3
case_0940,2025-02-27 17:03:34,14.915689922758595,1,,D,9
case_0941,2025-02-14 02:40:28,27.430871657581882,1,,D,4
case_0942,2025-03-01 14:36:18,16.297953991418918,1,,D,3
case_0943,2025-01-27 13:48:38,12.717977061892654,0,lost,C,5
case_0944,2025-01-11 04:02:47,12.570220499915905,1,,D,5
case_0945,2025-01-26 23:50:10,9.60557750048088,1,,D,3
case_0946,2025-01-24 11:54:18,33.51963962818747,1,,D,8
case_0947,2025-01-17 17:44:57,14.7325362865461,0,lost,B,2
case_0948,2025-01-04 17:43:23,0.3561751881431962,1,,D,4
case_0949,2025-01-15 16:01:30,11.647335292835173,1,,D,3
case_0950,2025-02-10 10:36:31,9.652048259598532,0,lost,B,2
case_0951,2025-01-30 03:49:02,18.344003574965214,0,lost,B,4
case_0952,2025-01-11 08:38:17,14.92910122132542,1,,D,3
case_0953,2025-01-22 02:12:06,17.639340140387237,1,,D,3
case_0954,2025-01-20 14:06:22,4.524844331168859,1,,D,3
case_0955,2025-02-19 06:17:19,17.043683210270412,1,,D,8
case_0956,2025-02-18 13:09:21,14.235288263469553,1,,D,5
case_0957,2025-01-15 11:11:34,3.991043449300671,1,,D,3
case_0958,2025-02-16 22:13:27,10.3337788543437,1,,D,5
case_0959,2025-01-20 19:54:12,8.676613242789022,0,lost,A,4
case_0960,2025-01-17 14:57:23,23.395313429830644,1,,D,4
case_0961,2025-01-29 09:44:06,11.504941024966502,1,,D,7
case_0962,2025-02-23 04:11:48,10.9888445414363,1,,D,4
case_0963,2025-02-28 19:27:46,8.842353989784375,1,,D,3
case_0964,2025-02-20 11:04:42,1.8703111637288077,1,,D,4
case_0965,2025-01-10 09:25:19,5.426526715844259,0,lost,C,3
case_0966,2025-01-14 00:12:07,4.97711462276086,0,lost,B,2
case_0967,2025-01-25 22:31:40,1.019881203069046,1,,D,4
case_0968,2025-01-22 00:14:53,5.073283152817289,0,lost,B,2
case_0969,2025-02-13 04:11:27,5.129661173833378,1,,D,4
case_0970,2025-01-03 17:05:44,3.254230255358565,1,,D,3
case_0971,2025-01-28 18:29:31,5.3419851011704935,1,,D,3
case_0972,2025-02-05 06:18:41,4.036328096938631,1,,D,3
case_0973,2025-02-12 13:03:04,5.764822468898334,1,,D,3
case_0974,2025-02-14 16:57:49,5.087728430862535,0,lost,A,3
case_0975,2025-03-01 18:51:09,10.282195672403063,1,,D,3
case_0976,2025-01-07 22:50:23,13.066246306881936,1,,D,3
case_0977,2025-02-13 13:00:12,12.120763972764628,1,,D,3
case_0978,2025-02-28 10:12:17,8.114296084037374,0,lost,B,2
case_0979,2025-01-22 09:13:17,6.123970036159433,1,,D,3
case_0980,2025-02-26 00:34:53,2.6179031047136796,0,lost,B,2
case_0981,2025-01-19 01:38:13,19.692503023392373,1,,D,4
case_0982,2025-02-28 13:31:09,6.658475903256869,1,,D,3
case_0983,2025-02-12 07:51:42,32.24474423661603,1,,D,5
case_0984,2025-02-05 15:29:25,4.523616271181391,1,,D,4
case_0985,2025-01-20 20:59:34,6.27452711226471,1,,D,4
case_0986,2025-02-25 11:18:19,15.476194635844722,1,,D,3
case_0987,2025-01-23 03:17:06,5.343004516061711,1,,D,3
case_0988,2025-01-20 16:26:39,8.369153051003755,1,,D,3
case_0989,2025-01-08 19:36:36,12.227755649509891,0,lost,C,2
case_0990,2025-02-18 03:18:42,1.759047617996271,1,,D,3
case_0991,2025-02-23 13:22:34,3.5560012411517246,1,,D,3
case_0992,2025-01-02 01:50:57,14.55727795245927,0,lost,A,1
case_0993,2025-01-23 14:27:50,14.529514680332069,1,,D,3
case_0994,2025-01-22 18:48:08,12.302479212930631,1,,D,3
case_0995,2025-02-11 05:40:23,3.1636548969964995,1,,D,3
case_0996,2025-02-03 01:46:06,17.14072883339937,1,,D,5
case_0997,2025-02-15 03:22:13,13.527643323735147,1,,D,8
case_0998,2025-01-03 15:58:46,11.811383280720356,1,,D,3
case_0999,2025-02-02 05:50:51,6.872434087541054,1,,D,3
case_1000,2025-02-19 01:53:55,11.753190273691633,0,lost,B,6
