model,time_days,cdf,survival
истина,0.0,0.0,1.0
истина,0.22556390977443608,0.0,1.0
истина,0.45112781954887216,0.0001,0.9999
истина,0.6766917293233082,0.0006,0.9994
истина,0.9022556390977443,0.0012,0.9988
истина,1.1278195488721803,0.002,0.998
истина,1.3533834586466165,0.0027,0.9973
истина,1.5789473684210527,0.0044,0.9956
истина,1.8045112781954886,0.0072,0.9928
истина,2.0300751879699246,0.0099,0.9901
истина,2.2556390977443606,0.014,0.986
истина,2.481203007518797,0.0178,0.9822
истина,2.706766917293233,0.0226,0.9774
истина,2.932330827067669,0.0277,0.9723
истина,3.1578947368421053,0.0335,0.9665
истина,3.3834586466165413,0.0392,0.9608
истина,3.6090225563909772,0.0461,0.9539
истина,3.834586466165413,0.0548,0.9452
истина,4.060150375939849,0.0631,0.9369
истина,4.285714285714286,0.0708,0.9292
истина,4.511278195488721,0.0812,0.9188000000000001
истина,4.7368421052631575,0.0896,0.9104
истина,4.962406015037594,0.0995,0.9005
истина,5.1879699248120295,0.1102,0.8898
истина,5.413533834586466,0.1199,0.8801
истина,5.639097744360902,0.1305,0.8694999999999999
истина,5.864661654135338,0.141,0.859
истина,6.090225563909774,0.1533,0.8467
истина,6.315789473684211,0.1641,0.8359
истина,6.541353383458646,0.1763,0.8237
истина,6.7669172932330826,0.1869,0.8130999999999999
истина,6.992481203007518,0.1985,0.8015
истина,7.2180451127819545,0.2125,0.7875
истина,7.443609022556391,0.2249,0.7751
истина,7.669172932330826,0.2369,0.7631
истина,7.894736842105263,0.2476,0.7524
истина,8.120300751879698,0.2589,0.7411
истина,8.345864661654135,0.2724,0.7276
истина,8.571428571428571,0.2842,0.7158
истина,8.796992481203008,0.2958,0.7041999999999999
истина,9.022556390977442,0.3095,0.6905
истина,9.248120300751879,0.3204,0.6796
истина,9.473684210526315,0.3312,0.6688000000000001
истина,9.699248120300751,0.3437,0.6563
истина,9.924812030075188,0.3564,0.6436
истина,10.150375939849624,0.3675,0.6325000000000001
истина,10.375939849624059,0.3791,0.6209
истина,10.601503759398495,0.3899,0.6101
истина,10.827067669172932,0.4001,0.5999
истина,11.052631578947368,0.4123,0.5877
истина,11.278195488721805,0.4217,0.5783
истина,11.50375939849624,0.4299,0.5701
истина,11.729323308270676,0.4408,0.5591999999999999
истина,11.954887218045112,0.4538,0.5462
истина,12.180451127819548,0.4655,0.5345
истина,12.406015037593985,0.4752,0.5247999999999999
истина,12.631578947368421,0.4868,0.5132
истина,12.857142857142856,0.496,0.504
истина,13.082706766917292,0.5057,0.49429999999999996
истина,13.308270676691729,0.5153,0.4847
истина,13.533834586466165,0.5251,0.4749
истина,13.759398496240602,0.5337,0.46630000000000005
истина,13.984962406015036,0.5425,0.4575
истина,14.210526315789473,0.552,0.44799999999999995
истина,14.436090225563909,0.5613,0.4387
истина,14.661654135338345,0.5689,0.43110000000000004
истина,14.887218045112782,0.578,0.42200000000000004
истина,15.112781954887216,0.5866,0.4134
истина,15.338345864661653,0.5954,0.40459999999999996
истина,15.56390977443609,0.6059,0.3941
истина,15.789473684210526,0.6158,0.3842
истина,16.01503759398496,0.6254,0.37460000000000004
истина,16.240601503759397,0.6331,0.3669
истина,16.466165413533833,0.6405,0.35950000000000004
истина,16.69172932330827,0.6481,0.3519
истина,16.917293233082706,0.6561,0.3439
истина,17.142857142857142,0.6643,0.3357
истина,17.36842105263158,0.6724,0.3276
истина,17.593984962406015,0.6779,0.32210000000000005
истина,17.81954887218045,0.6842,0.31579999999999997
истина,18.045112781954884,0.6918,0.30820000000000003
истина,18.27067669172932,0.6978,0.3022
истина,18.496240601503757,0.7058,0.2942
истина,18.721804511278194,0.7118,0.2882
истина,18.94736842105263,0.7183,0.28169999999999995
истина,19.172932330827066,0.7245,0.27549999999999997
истина,19.398496240601503,0.7314,0.26859999999999995
истина,19.62406015037594,0.7378,0.2622
истина,19.849624060150376,0.7442,0.2558
истина,20.075187969924812,0.7504,0.24960000000000004
истина,20.30075187969925,0.7553,0.24470000000000003
истина,20.52631578947368,0.762,0.238
истина,20.751879699248118,0.767,0.23299999999999998
истина,20.977443609022554,0.772,0.22799999999999998
истина,21.20300751879699,0.7756,0.22440000000000004
истина,21.428571428571427,0.7804,0.21960000000000002
истина,21.654135338345863,0.7857,0.21430000000000005
истина,21.8796992481203,0.7907,0.20930000000000004
истина,22.105263157894736,0.796,0.20399999999999996
истина,22.330827067669173,0.801,0.19899999999999995
истина,22.55639097744361,0.8046,0.19540000000000002
истина,22.781954887218046,0.81,0.18999999999999995
истина,23.00751879699248,0.815,0.18500000000000005
истина,23.233082706766915,0.8194,0.18059999999999998
истина,23.45864661654135,0.8249,0.17510000000000003
истина,23.684210526315788,0.828,0.17200000000000004
истина,23.909774436090224,0.8322,0.16779999999999995
истина,24.13533834586466,0.8361,0.16390000000000005
истина,24.360902255639097,0.8391,0.16090000000000004
истина,24.586466165413533,0.8435,0.15649999999999997
истина,24.81203007518797,0.8465,0.15349999999999997
истина,25.037593984962406,0.8509,0.1491
истина,25.263157894736842,0.8543,0.14570000000000005
истина,25.488721804511275,0.8572,0.14280000000000004
истина,25.71428571428571,0.8603,0.13970000000000005
истина,25.939849624060148,0.8635,0.13649999999999995
истина,26.165413533834585,0.8677,0.13229999999999997
истина,26.39097744360902,0.8709,0.1291
истина,26.616541353383457,0.8743,0.12570000000000003
истина,26.842105263157894,0.8772,0.12280000000000002
истина,27.06766917293233,0.8806,0.11939999999999995
истина,27.293233082706767,0.8841,0.1159
истина,27.518796992481203,0.8871,0.1129
истина,27.744360902255636,0.8898,0.11019999999999996
истина,27.969924812030072,0.893,0.10699999999999998
истина,28.19548872180451,0.8953,0.10470000000000002
истина,28.421052631578945,0.8979,0.10209999999999997
истина,28.64661654135338,0.9008,0.09919999999999995
истина,28.872180451127818,0.9031,0.09689999999999999
истина,29.097744360902254,0.9052,0.0948
истина,29.32330827067669,0.9075,0.09250000000000003
истина,29.548872180451127,0.9094,0.09060000000000001
истина,29.774436090225564,0.9117,0.08830000000000005
истина,30.0,0.9145,0.08550000000000002
истина,30.225563909774433,0.9161,0.08389999999999997
истина,30.45112781954887,0.9183,0.0817
истина,30.676691729323306,0.9195,0.08050000000000002
истина,30.902255639097742,0.922,0.07799999999999996
истина,31.12781954887218,0.9239,0.07609999999999995
истина,31.353383458646615,0.9256,0.07440000000000002
истина,31.57894736842105,0.9272,0.07279999999999998
истина,31.804511278195488,0.9282,0.07179999999999997
истина,32.03007518796992,0.9302,0.06979999999999997
истина,32.25563909774436,0.9314,0.0686
истина,32.48120300751879,0.9328,0.06720000000000004
истина,32.70676691729323,0.9341,0.06589999999999996
истина,32.932330827067666,0.9356,0.06440000000000001
истина,33.1578947368421,0.9375,0.0625
истина,33.38345864661654,0.9389,0.06110000000000004
истина,33.609022556390975,0.9407,0.05930000000000002
истина,33.83458646616541,0.9419,0.05810000000000004
истина,34.06015037593985,0.9429,0.05710000000000004
истина,34.285714285714285,0.9443,0.05569999999999997
истина,34.51127819548872,0.946,0.05400000000000005
истина,34.73684210526316,0.9473,0.05269999999999997
истина,34.962406015037594,0.9487,0.05130000000000001
истина,35.18796992481203,0.9509,0.04910000000000003
истина,35.41353383458647,0.952,0.04800000000000004
истина,35.6390977443609,0.9535,0.046499999999999986
истина,35.86466165413534,0.9545,0.045499999999999985
истина,36.09022556390977,0.9553,0.04469999999999996
истина,36.315789473684205,0.9567,0.043300000000000005
истина,36.54135338345864,0.958,0.04200000000000004
истина,36.76691729323308,0.96,0.040000000000000036
истина,36.992481203007515,0.9604,0.03959999999999997
истина,37.21804511278195,0.9615,0.03849999999999998
истина,37.44360902255639,0.9622,0.037799999999999945
истина,37.669172932330824,0.9635,0.03649999999999998
истина,37.89473684210526,0.9643,0.035699999999999954
истина,38.1203007518797,0.9654,0.034599999999999964
истина,38.34586466165413,0.9664,0.03359999999999996
истина,38.57142857142857,0.967,0.03300000000000003
истина,38.796992481203006,0.9675,0.03249999999999997
истина,39.02255639097744,0.9682,0.03180000000000005
истина,39.24812030075188,0.9689,0.031100000000000017
истина,39.473684210526315,0.9693,0.03069999999999995
истина,39.69924812030075,0.9701,0.029900000000000038
истина,39.92481203007519,0.9708,0.029200000000000004
истина,40.150375939849624,0.9716,0.02839999999999998
истина,40.37593984962406,0.9722,0.027800000000000047
истина,40.6015037593985,0.9733,0.026699999999999946
истина,40.82706766917293,0.974,0.026000000000000023
истина,41.05263157894736,0.9744,0.025599999999999956
истина,41.2781954887218,0.975,0.025000000000000022
истина,41.503759398496236,0.9754,0.024599999999999955
истина,41.72932330827067,0.9758,0.0242
истина,41.95488721804511,0.9768,0.0232
истина,42.180451127819545,0.978,0.02200000000000002
истина,42.40601503759398,0.9785,0.021499999999999964
истина,42.63157894736842,0.979,0.02100000000000002
истина,42.857142857142854,0.9792,0.02080000000000004
истина,43.08270676691729,0.9798,0.020199999999999996
истина,43.30827067669173,0.9801,0.01990000000000003
истина,43.53383458646616,0.9807,0.019299999999999984
истина,43.7593984962406,0.9809,0.019100000000000006
истина,43.984962406015036,0.9814,0.01859999999999995
истина,44.21052631578947,0.9817,0.018299999999999983
истина,44.43609022556391,0.982,0.018000000000000016
истина,44.661654135338345,0.9824,0.01759999999999995
истина,44.88721804511278,0.9828,0.017199999999999993
истина,45.11278195488722,0.9831,0.016900000000000026
истина,45.338345864661655,0.9834,0.016599999999999948
истина,45.56390977443609,0.9837,0.01629999999999998
истина,45.78947368421052,0.9842,0.015800000000000036
истина,46.01503759398496,0.9847,0.01529999999999998
истина,46.24060150375939,0.9853,0.014700000000000046
истина,46.46616541353383,0.9858,0.01419999999999999
истина,46.691729323308266,0.9863,0.013700000000000045
истина,46.9172932330827,0.9868,0.01319999999999999
истина,47.14285714285714,0.9872,0.012800000000000034
истина,47.368421052631575,0.9874,0.012599999999999945
истина,47.59398496240601,0.9874,0.012599999999999945
истина,47.81954887218045,0.9875,0.012499999999999956
истина,48.045112781954884,0.9878,0.012199999999999989
истина,48.27067669172932,0.9879,0.0121
истина,48.49624060150376,0.988,0.01200000000000001
истина,48.721804511278194,0.9884,0.011600000000000055
истина,48.94736842105263,0.9891,0.01090000000000002
истина,49.17293233082707,0.9893,0.010700000000000043
истина,49.3984962406015,0.9898,0.010199999999999987
истина,49.62406015037594,0.99,0.010000000000000009
истина,49.849624060150376,0.9905,0.009499999999999953
истина,50.07518796992481,0.9908,0.009199999999999986
истина,50.30075187969925,0.9909,0.009099999999999997
истина,50.526315789473685,0.9911,0.008900000000000019
истина,50.751879699248114,0.9911,0.008900000000000019
истина,50.97744360902255,0.9914,0.008600000000000052
истина,51.20300751879699,0.9916,0.008399999999999963
истина,51.42857142857142,0.9918,0.008199999999999985
истина,51.65413533834586,0.9919,0.008099999999999996
истина,51.879699248120296,0.9922,0.007800000000000029
истина,52.10526315789473,0.9923,0.00770000000000004
истина,52.33082706766917,0.9924,0.007600000000000051
истина,52.556390977443606,0.9926,0.007399999999999962
истина,52.78195488721804,0.9929,0.007099999999999995
истина,53.00751879699248,0.9931,0.006900000000000017
истина,53.233082706766915,0.9932,0.006800000000000028
истина,53.45864661654135,0.9933,0.006700000000000039
истина,53.68421052631579,0.9934,0.00660000000000005
истина,53.909774436090224,0.9937,0.006299999999999972
истина,54.13533834586466,0.9939,0.006099999999999994
истина,54.3609022556391,0.9942,0.005800000000000027
истина,54.58646616541353,0.9943,0.005700000000000038
истина,54.81203007518797,0.9946,0.00539999999999996
истина,55.037593984962406,0.9947,0.005299999999999971
истина,55.26315789473684,0.9948,0.005199999999999982
истина,55.48872180451127,0.9948,0.005199999999999982
истина,55.71428571428571,0.9949,0.005099999999999993
истина,55.939849624060145,0.995,0.0050000000000000044
истина,56.16541353383458,0.9952,0.0048000000000000265
истина,56.39097744360902,0.9952,0.0048000000000000265
истина,56.616541353383454,0.9953,0.0047000000000000375
истина,56.84210526315789,0.9954,0.0046000000000000485
истина,57.06766917293233,0.9956,0.0043999999999999595
истина,57.29323308270676,0.9956,0.0043999999999999595
истина,57.5187969924812,0.9958,0.0041999999999999815
истина,57.744360902255636,0.9958,0.0041999999999999815
истина,57.96992481203007,0.996,0.0040000000000000036
истина,58.19548872180451,0.9961,0.0039000000000000146
истина,58.421052631578945,0.9963,0.0037000000000000366
истина,58.64661654135338,0.9963,0.0037000000000000366
истина,58.87218045112782,0.9963,0.0037000000000000366
истина,59.097744360902254,0.9964,0.0036000000000000476
истина,59.32330827067669,0.9966,0.0033999999999999586
истина,59.54887218045113,0.9967,0.0032999999999999696
истина,59.774436090225564,0.9968,0.0031999999999999806
истина,60.0,0.9968,0.0031999999999999806
истина,60.22556390977443,0.9969,0.0030999999999999917
истина,60.451127819548866,0.9969,0.0030999999999999917
истина,60.6766917293233,0.997,0.0030000000000000027
истина,60.90225563909774,0.9971,0.0029000000000000137
истина,61.127819548872175,0.9972,0.0028000000000000247
истина,61.35338345864661,0.9972,0.0028000000000000247
истина,61.57894736842105,0.9972,0.0028000000000000247
истина,61.804511278195484,0.9972,0.0028000000000000247
истина,62.03007518796992,0.9973,0.0027000000000000357
истина,62.25563909774436,0.9973,0.0027000000000000357
истина,62.48120300751879,0.9974,0.0026000000000000467
истина,62.70676691729323,0.9975,0.0024999999999999467
истина,62.932330827067666,0.9975,0.0024999999999999467
истина,63.1578947368421,0.9975,0.0024999999999999467
истина,63.38345864661654,0.9976,0.0023999999999999577
истина,63.609022556390975,0.9977,0.0022999999999999687
истина,63.83458646616541,0.9977,0.0022999999999999687
истина,64.06015037593984,0.9977,0.0022999999999999687
истина,64.28571428571428,0.9978,0.0021999999999999797
истина,64.51127819548871,0.9979,0.0020999999999999908
истина,64.73684210526315,0.9983,0.0017000000000000348
истина,64.96240601503759,0.9983,0.0017000000000000348
истина,65.18796992481202,0.9983,0.0017000000000000348
истина,65.41353383458646,0.9984,0.0016000000000000458
истина,65.6390977443609,0.9984,0.0016000000000000458
истина,65.86466165413533,0.9984,0.0016000000000000458
истина,66.09022556390977,0.9984,0.0016000000000000458
истина,66.3157894736842,0.9984,0.0016000000000000458
истина,66.54135338345864,0.9985,0.0014999999999999458
истина,66.76691729323308,0.9985,0.0014999999999999458
истина,66.99248120300751,0.9985,0.0014999999999999458
истина,67.21804511278195,0.9986,0.0013999999999999568
истина,67.44360902255639,0.9987,0.0012999999999999678
истина,67.66917293233082,0.9987,0.0012999999999999678
истина,67.89473684210526,0.9987,0.0012999999999999678
истина,68.1203007518797,0.9988,0.0011999999999999789
истина,68.34586466165413,0.9988,0.0011999999999999789
истина,68.57142857142857,0.9988,0.0011999999999999789
истина,68.796992481203,0.9988,0.0011999999999999789
истина,69.02255639097744,0.9988,0.0011999999999999789
истина,69.24812030075188,0.9988,0.0011999999999999789
истина,69.47368421052632,0.9988,0.0011999999999999789
истина,69.69924812030075,0.9988,0.0011999999999999789
истина,69.92481203007519,0.9988,0.0011999999999999789
истина,70.15037593984962,0.9988,0.0011999999999999789
истина,70.37593984962406,0.9988,0.0011999999999999789
истина,70.6015037593985,0.9988,0.0011999999999999789
истина,70.82706766917293,0.9988,0.0011999999999999789
истина,71.05263157894737,0.9988,0.0011999999999999789
истина,71.2781954887218,0.9988,0.0011999999999999789
истина,71.50375939849624,0.9989,0.0010999999999999899
истина,71.72932330827068,0.999,0.0010000000000000009
истина,71.95488721804512,0.9991,0.0009000000000000119
истина,72.18045112781954,0.9991,0.0009000000000000119
истина,72.40601503759397,0.9992,0.0008000000000000229
истина,72.63157894736841,0.9993,0.0007000000000000339
истина,72.85714285714285,0.9993,0.0007000000000000339
истина,73.08270676691728,0.9994,0.0006000000000000449
истина,73.30827067669172,0.9994,0.0006000000000000449
истина,73.53383458646616,0.9994,0.0006000000000000449
истина,73.75939849624059,0.9994,0.0006000000000000449
истина,73.98496240601503,0.9994,0.0006000000000000449
истина,74.21052631578947,0.9994,0.0006000000000000449
истина,74.4360902255639,0.9994,0.0006000000000000449
истина,74.66165413533834,0.9994,0.0006000000000000449
истина,74.88721804511277,0.9994,0.0006000000000000449
истина,75.11278195488721,0.9994,0.0006000000000000449
истина,75.33834586466165,0.9995,0.0004999999999999449
истина,75.56390977443608,0.9995,0.0004999999999999449
истина,75.78947368421052,0.9995,0.0004999999999999449
истина,76.01503759398496,0.9995,0.0004999999999999449
истина,76.2406015037594,0.9995,0.0004999999999999449
истина,76.46616541353383,0.9995,0.0004999999999999449
истина,76.69172932330827,0.9995,0.0004999999999999449
истина,76.9172932330827,0.9996,0.00039999999999995595
истина,77.14285714285714,0.9996,0.00039999999999995595
истина,77.36842105263158,0.9996,0.00039999999999995595
истина,77.59398496240601,0.9996,0.00039999999999995595
истина,77.81954887218045,0.9996,0.00039999999999995595
истина,78.04511278195488,0.9996,0.00039999999999995595
истина,78.27067669172932,0.9996,0.00039999999999995595
истина,78.49624060150376,0.9996,0.00039999999999995595
истина,78.7218045112782,0.9996,0.00039999999999995595
истина,78.94736842105263,0.9996,0.00039999999999995595
истина,79.17293233082707,0.9996,0.00039999999999995595
истина,79.3984962406015,0.9996,0.00039999999999995595
истина,79.62406015037594,0.9996,0.00039999999999995595
истина,79.84962406015038,0.9996,0.00039999999999995595
истина,80.07518796992481,0.9996,0.00039999999999995595
истина,80.30075187969925,0.9996,0.00039999999999995595
истина,80.52631578947368,0.9996,0.00039999999999995595
истина,80.75187969924812,0.9996,0.00039999999999995595
истина,80.97744360902256,0.9996,0.00039999999999995595
истина,81.203007518797,0.9996,0.00039999999999995595
истина,81.42857142857143,0.9996,0.00039999999999995595
истина,81.65413533834587,0.9996,0.00039999999999995595
истина,81.87969924812029,0.9996,0.00039999999999995595
истина,82.10526315789473,0.9996,0.00039999999999995595
истина,82.33082706766916,0.9996,0.00039999999999995595
истина,82.5563909774436,0.9996,0.00039999999999995595
истина,82.78195488721803,0.9996,0.00039999999999995595
истина,83.00751879699247,0.9996,0.00039999999999995595
истина,83.23308270676691,0.9996,0.00039999999999995595
истина,83.45864661654134,0.9996,0.00039999999999995595
истина,83.68421052631578,0.9996,0.00039999999999995595
истина,83.90977443609022,0.9996,0.00039999999999995595
истина,84.13533834586465,0.9997,0.00029999999999996696
истина,84.36090225563909,0.9997,0.00029999999999996696
истина,84.58646616541353,0.9997,0.00029999999999996696
истина,84.81203007518796,0.9997,0.00029999999999996696
истина,85.0375939849624,0.9997,0.00029999999999996696
истина,85.26315789473684,0.9997,0.00029999999999996696
истина,85.48872180451127,0.9997,0.00029999999999996696
истина,85.71428571428571,0.9997,0.00029999999999996696
истина,85.93984962406014,0.9997,0.00029999999999996696
истина,86.16541353383458,0.9997,0.00029999999999996696
истина,86.39097744360902,0.9997,0.00029999999999996696
истина,86.61654135338345,0.9997,0.00029999999999996696
истина,86.84210526315789,0.9997,0.00029999999999996696
истина,87.06766917293233,0.9997,0.00029999999999996696
истина,87.29323308270676,0.9997,0.00029999999999996696
истина,87.5187969924812,0.9997,0.00029999999999996696
истина,87.74436090225564,0.9997,0.00029999999999996696
истина,87.96992481203007,0.9997,0.00029999999999996696
истина,88.19548872180451,0.9997,0.00029999999999996696
истина,88.42105263157895,0.9997,0.00029999999999996696
истина,88.64661654135338,0.9997,0.00029999999999996696
истина,88.87218045112782,0.9997,0.00029999999999996696
истина,89.09774436090225,0.9997,0.00029999999999996696
истина,89.32330827067669,0.9997,0.00029999999999996696
истина,89.54887218045113,0.9997,0.00029999999999996696
истина,89.77443609022556,0.9997,0.00029999999999996696
истина,90.0,0.9997,0.00029999999999996696
наивная MLE,0.0,0.0,1.0
наивная MLE,0.22556390977443608,0.0,1.0
наивная MLE,0.45112781954887216,0.0001,0.9999
наивная MLE,0.6766917293233082,0.0007,0.9993
наивная MLE,0.9022556390977443,0.0014,0.9986
наивная MLE,1.1278195488721803,0.0024,0.9976
наивная MLE,1.3533834586466165,0.0042,0.9958
наивная MLE,1.5789473684210527,0.0058,0.9942
наивная MLE,1.8045112781954886,0.0099,0.9901
наивная MLE,2.0300751879699246,0.0129,0.9871
наивная MLE,2.2556390977443606,0.0165,0.9835
наивная MLE,2.481203007518797,0.0206,0.9794
наивная MLE,2.706766917293233,0.0268,0.9732
наивная MLE,2.932330827067669,0.0335,0.9665
наивная MLE,3.1578947368421053,0.0415,0.9585
наивная MLE,3.3834586466165413,0.049,0.951
наивная MLE,3.6090225563909772,0.0555,0.9445
наивная MLE,3.834586466165413,0.0637,0.9363
наивная MLE,4.060150375939849,0.0741,0.9259
наивная MLE,4.285714285714286,0.0821,0.9178999999999999
наивная MLE,4.511278195488721,0.0935,0.9065
наивная MLE,4.7368421052631575,0.1039,0.8961
наивная MLE,4.962406015037594,0.1131,0.8869
наивная MLE,5.1879699248120295,0.1249,0.8751
наивная MLE,5.413533834586466,0.1352,0.8648
наивная MLE,5.639097744360902,0.1476,0.8524
наивная MLE,5.864661654135338,0.159,0.841
наивная MLE,6.090225563909774,0.1705,0.8295
наивная MLE,6.315789473684211,0.1823,0.8177
наивная MLE,6.541353383458646,0.1953,0.8047
наивная MLE,6.7669172932330826,0.2064,0.7936
наивная MLE,6.992481203007518,0.2192,0.7807999999999999
наивная MLE,7.2180451127819545,0.2326,0.7674
наивная MLE,7.443609022556391,0.246,0.754
наивная MLE,7.669172932330826,0.2607,0.7393000000000001
наивная MLE,7.894736842105263,0.2733,0.7267
наивная MLE,8.120300751879698,0.2861,0.7139
наивная MLE,8.345864661654135,0.2986,0.7014
наивная MLE,8.571428571428571,0.3107,0.6893
наивная MLE,8.796992481203008,0.3259,0.6740999999999999
наивная MLE,9.022556390977442,0.3381,0.6618999999999999
наивная MLE,9.248120300751879,0.3536,0.6464
наивная MLE,9.473684210526315,0.3662,0.6337999999999999
наивная MLE,9.699248120300751,0.3782,0.6218
наивная MLE,9.924812030075188,0.3929,0.6071
наивная MLE,10.150375939849624,0.405,0.595
наивная MLE,10.375939849624059,0.4173,0.5827
наивная MLE,10.601503759398495,0.4291,0.5709
наивная MLE,10.827067669172932,0.443,0.5569999999999999
наивная MLE,11.052631578947368,0.4546,0.5454
наивная MLE,11.278195488721805,0.4671,0.5328999999999999
наивная MLE,11.50375939849624,0.4783,0.5217
наивная MLE,11.729323308270676,0.4884,0.5116
наивная MLE,11.954887218045112,0.4992,0.5008
наивная MLE,12.180451127819548,0.5102,0.4898
наивная MLE,12.406015037593985,0.5214,0.4786
наивная MLE,12.631578947368421,0.5328,0.46719999999999995
наивная MLE,12.857142857142856,0.5425,0.4575
наивная MLE,13.082706766917292,0.5526,0.4474
наивная MLE,13.308270676691729,0.5628,0.43720000000000003
наивная MLE,13.533834586466165,0.5735,0.4265
наивная MLE,13.759398496240602,0.5843,0.41569999999999996
наивная MLE,13.984962406015036,0.5933,0.40669999999999995
наивная MLE,14.210526315789473,0.6031,0.39690000000000003
наивная MLE,14.436090225563909,0.6125,0.38749999999999996
наивная MLE,14.661654135338345,0.6213,0.37870000000000004
наивная MLE,14.887218045112782,0.6292,0.3708
наивная MLE,15.112781954887216,0.6379,0.3621
наивная MLE,15.338345864661653,0.6452,0.3548
наивная MLE,15.56390977443609,0.6543,0.3457
наивная MLE,15.789473684210526,0.6613,0.3387
наивная MLE,16.01503759398496,0.6703,0.3297
наивная MLE,16.240601503759397,0.6779,0.32210000000000005
наивная MLE,16.466165413533833,0.6858,0.31420000000000003
наивная MLE,16.69172932330827,0.6924,0.3076
наивная MLE,16.917293233082706,0.7003,0.29969999999999997
наивная MLE,17.142857142857142,0.7042,0.29579999999999995
наивная MLE,17.36842105263158,0.7118,0.2882
наивная MLE,17.593984962406015,0.7197,0.2803
наивная MLE,17.81954887218045,0.7261,0.27390000000000003
наивная MLE,18.045112781954884,0.7323,0.26770000000000005
наивная MLE,18.27067669172932,0.7373,0.26270000000000004
наивная MLE,18.496240601503757,0.7459,0.2541
наивная MLE,18.721804511278194,0.7542,0.24580000000000002
наивная MLE,18.94736842105263,0.7603,0.23970000000000002
наивная MLE,19.172932330827066,0.7668,0.23319999999999996
наивная MLE,19.398496240601503,0.7735,0.22650000000000003
наивная MLE,19.62406015037594,0.78,0.21999999999999997
наивная MLE,19.849624060150376,0.7851,0.21489999999999998
наивная MLE,20.075187969924812,0.7915,0.20850000000000002
наивная MLE,20.30075187969925,0.7974,0.2026
наивная MLE,20.52631578947368,0.8023,0.1977
наивная MLE,20.751879699248118,0.8068,0.19320000000000004
наивная MLE,20.977443609022554,0.811,0.18899999999999995
наивная MLE,21.20300751879699,0.8162,0.18379999999999996
наивная MLE,21.428571428571427,0.8207,0.17930000000000001
наивная MLE,21.654135338345863,0.8258,0.17420000000000002
наивная MLE,21.8796992481203,0.8302,0.16979999999999995
наивная MLE,22.105263157894736,0.8346,0.1654
наивная MLE,22.330827067669173,0.8393,0.16069999999999995
наивная MLE,22.55639097744361,0.8438,0.1562
наивная MLE,22.781954887218046,0.8483,0.15169999999999995
наивная MLE,23.00751879699248,0.8525,0.14749999999999996
наивная MLE,23.233082706766915,0.8556,0.14439999999999997
наивная MLE,23.45864661654135,0.859,0.14100000000000001
наивная MLE,23.684210526315788,0.863,0.137
наивная MLE,23.909774436090224,0.8666,0.13339999999999996
наивная MLE,24.13533834586466,0.8704,0.12960000000000005
наивная MLE,24.360902255639097,0.8746,0.12539999999999996
наивная MLE,24.586466165413533,0.8779,0.12209999999999999
наивная MLE,24.81203007518797,0.8809,0.11909999999999998
наивная MLE,25.037593984962406,0.8838,0.11619999999999997
наивная MLE,25.263157894736842,0.8874,0.11260000000000003
наивная MLE,25.488721804511275,0.8907,0.10929999999999995
наивная MLE,25.71428571428571,0.8936,0.10640000000000005
наивная MLE,25.939849624060148,0.8959,0.10409999999999997
наивная MLE,26.165413533834585,0.8986,0.10140000000000005
наивная MLE,26.39097744360902,0.9015,0.09850000000000003
наивная MLE,26.616541353383457,0.9042,0.0958
наивная MLE,26.842105263157894,0.9067,0.09330000000000005
наивная MLE,27.06766917293233,0.9092,0.09079999999999999
наивная MLE,27.293233082706767,0.9119,0.08809999999999996
наивная MLE,27.518796992481203,0.9146,0.08540000000000003
наивная MLE,27.744360902255636,0.9178,0.08220000000000005
наивная MLE,27.969924812030072,0.9199,0.08009999999999995
наивная MLE,28.19548872180451,0.9218,0.07820000000000005
наивная MLE,28.421052631578945,0.9242,0.07579999999999998
наивная MLE,28.64661654135338,0.9263,0.07369999999999999
наивная MLE,28.872180451127818,0.9282,0.07179999999999997
наивная MLE,29.097744360902254,0.9303,0.06969999999999998
наивная MLE,29.32330827067669,0.932,0.06799999999999995
наивная MLE,29.548872180451127,0.9336,0.06640000000000001
наивная MLE,29.774436090225564,0.936,0.06399999999999995
наивная MLE,30.0,0.9388,0.06120000000000003
наивная MLE,30.225563909774433,0.9403,0.059699999999999975
наивная MLE,30.45112781954887,0.9429,0.05710000000000004
наивная MLE,30.676691729323306,0.9444,0.05559999999999998
наивная MLE,30.902255639097742,0.9457,0.054300000000000015
наивная MLE,31.12781954887218,0.9471,0.05289999999999995
наивная MLE,31.353383458646615,0.9482,0.05179999999999996
наивная MLE,31.57894736842105,0.9495,0.05049999999999999
наивная MLE,31.804511278195488,0.9511,0.048900000000000055
наивная MLE,32.03007518796992,0.9523,0.047699999999999965
наивная MLE,32.25563909774436,0.9539,0.04610000000000003
наивная MLE,32.48120300751879,0.9552,0.04479999999999995
наивная MLE,32.70676691729323,0.9568,0.043200000000000016
наивная MLE,32.932330827067666,0.9584,0.04159999999999997
наивная MLE,33.1578947368421,0.9592,0.04079999999999995
наивная MLE,33.38345864661654,0.9602,0.03979999999999995
наивная MLE,33.609022556390975,0.9615,0.03849999999999998
наивная MLE,33.83458646616541,0.9628,0.03720000000000001
наивная MLE,34.06015037593985,0.9638,0.03620000000000001
наивная MLE,34.285714285714285,0.9657,0.0343
наивная MLE,34.51127819548872,0.9669,0.03310000000000002
наивная MLE,34.73684210526316,0.9682,0.03180000000000005
наивная MLE,34.962406015037594,0.969,0.031000000000000028
наивная MLE,35.18796992481203,0.9696,0.030399999999999983
наивная MLE,35.41353383458647,0.9702,0.02980000000000005
наивная MLE,35.6390977443609,0.9708,0.029200000000000004
наивная MLE,35.86466165413534,0.9717,0.028299999999999992
наивная MLE,36.09022556390977,0.9723,0.027699999999999947
наивная MLE,36.315789473684205,0.973,0.027000000000000024
наивная MLE,36.54135338345864,0.9734,0.026599999999999957
наивная MLE,36.76691729323308,0.9742,0.025800000000000045
наивная MLE,36.992481203007515,0.9749,0.02510000000000001
наивная MLE,37.21804511278195,0.9757,0.02429999999999999
наивная MLE,37.44360902255639,0.9765,0.023499999999999965
наивная MLE,37.669172932330824,0.9772,0.022800000000000042
наивная MLE,37.89473684210526,0.9782,0.02180000000000004
наивная MLE,38.1203007518797,0.9791,0.02090000000000003
наивная MLE,38.34586466165413,0.9799,0.020100000000000007
наивная MLE,38.57142857142857,0.9805,0.019499999999999962
наивная MLE,38.796992481203006,0.9812,0.01880000000000004
наивная MLE,39.02255639097744,0.982,0.018000000000000016
наивная MLE,39.24812030075188,0.9823,0.01770000000000005
наивная MLE,39.473684210526315,0.9825,0.01749999999999996
наивная MLE,39.69924812030075,0.9829,0.017100000000000004
наивная MLE,39.92481203007519,0.9831,0.016900000000000026
наивная MLE,40.150375939849624,0.9834,0.016599999999999948
наивная MLE,40.37593984962406,0.9838,0.016199999999999992
наивная MLE,40.6015037593985,0.9842,0.015800000000000036
наивная MLE,40.82706766917293,0.9847,0.01529999999999998
наивная MLE,41.05263157894736,0.9852,0.014800000000000035
наивная MLE,41.2781954887218,0.9856,0.014399999999999968
наивная MLE,41.503759398496236,0.9858,0.01419999999999999
наивная MLE,41.72932330827067,0.9858,0.01419999999999999
наивная MLE,41.95488721804511,0.9862,0.013800000000000034
наивная MLE,42.180451127819545,0.9865,0.013499999999999956
наивная MLE,42.40601503759398,0.9869,0.0131
наивная MLE,42.63157894736842,0.9871,0.012900000000000023
наивная MLE,42.857142857142854,0.9875,0.012499999999999956
наивная MLE,43.08270676691729,0.9876,0.012399999999999967
наивная MLE,43.30827067669173,0.9879,0.0121
наивная MLE,43.53383458646616,0.9881,0.011900000000000022
наивная MLE,43.7593984962406,0.9887,0.011299999999999977
наивная MLE,43.984962406015036,0.9889,0.011099999999999999
наивная MLE,44.21052631578947,0.9894,0.010600000000000054
наивная MLE,44.43609022556391,0.9897,0.010299999999999976
наивная MLE,44.661654135338345,0.9897,0.010299999999999976
наивная MLE,44.88721804511278,0.9901,0.00990000000000002
наивная MLE,45.11278195488722,0.9902,0.009800000000000031
наивная MLE,45.338345864661655,0.9904,0.009600000000000053
наивная MLE,45.56390977443609,0.9905,0.009499999999999953
наивная MLE,45.78947368421052,0.9908,0.009199999999999986
наивная MLE,46.01503759398496,0.9912,0.00880000000000003
наивная MLE,46.24060150375939,0.9917,0.008299999999999974
наивная MLE,46.46616541353383,0.992,0.008000000000000007
наивная MLE,46.691729323308266,0.9922,0.007800000000000029
наивная MLE,46.9172932330827,0.9922,0.007800000000000029
наивная MLE,47.14285714285714,0.9927,0.007299999999999973
наивная MLE,47.368421052631575,0.9928,0.007199999999999984
наивная MLE,47.59398496240601,0.9931,0.006900000000000017
наивная MLE,47.81954887218045,0.9932,0.006800000000000028
наивная MLE,48.045112781954884,0.9933,0.006700000000000039
наивная MLE,48.27067669172932,0.9934,0.00660000000000005
наивная MLE,48.49624060150376,0.9937,0.006299999999999972
наивная MLE,48.721804511278194,0.9938,0.006199999999999983
наивная MLE,48.94736842105263,0.9944,0.005600000000000049
наивная MLE,49.17293233082707,0.9945,0.005499999999999949
наивная MLE,49.3984962406015,0.9946,0.00539999999999996
наивная MLE,49.62406015037594,0.9946,0.00539999999999996
наивная MLE,49.849624060150376,0.9946,0.00539999999999996
наивная MLE,50.07518796992481,0.9947,0.005299999999999971
наивная MLE,50.30075187969925,0.9947,0.005299999999999971
наивная MLE,50.526315789473685,0.9951,0.0049000000000000155
наивная MLE,50.751879699248114,0.9952,0.0048000000000000265
наивная MLE,50.97744360902255,0.9954,0.0046000000000000485
наивная MLE,51.20300751879699,0.9956,0.0043999999999999595
наивная MLE,51.42857142857142,0.9959,0.0040999999999999925
наивная MLE,51.65413533834586,0.9959,0.0040999999999999925
наивная MLE,51.879699248120296,0.9959,0.0040999999999999925
наивная MLE,52.10526315789473,0.9961,0.0039000000000000146
наивная MLE,52.33082706766917,0.9963,0.0037000000000000366
наивная MLE,52.556390977443606,0.9964,0.0036000000000000476
наивная MLE,52.78195488721804,0.9965,0.0034999999999999476
наивная MLE,53.00751879699248,0.9967,0.0032999999999999696
наивная MLE,53.233082706766915,0.997,0.0030000000000000027
наивная MLE,53.45864661654135,0.9971,0.0029000000000000137
наивная MLE,53.68421052631579,0.9973,0.0027000000000000357
наивная MLE,53.909774436090224,0.9973,0.0027000000000000357
наивная MLE,54.13533834586466,0.9973,0.0027000000000000357
наивная MLE,54.3609022556391,0.9973,0.0027000000000000357
наивная MLE,54.58646616541353,0.9974,0.0026000000000000467
наивная MLE,54.81203007518797,0.9976,0.0023999999999999577
наивная MLE,55.037593984962406,0.9976,0.0023999999999999577
наивная MLE,55.26315789473684,0.9977,0.0022999999999999687
наивная MLE,55.48872180451127,0.9977,0.0022999999999999687
наивная MLE,55.71428571428571,0.9977,0.0022999999999999687
наивная MLE,55.939849624060145,0.9978,0.0021999999999999797
наивная MLE,56.16541353383458,0.9978,0.0021999999999999797
наивная MLE,56.39097744360902,0.9979,0.0020999999999999908
наивная MLE,56.616541353383454,0.9979,0.0020999999999999908
наивная MLE,56.84210526315789,0.9979,0.0020999999999999908
наивная MLE,57.06766917293233,0.998,0.0020000000000000018
наивная MLE,57.29323308270676,0.998,0.0020000000000000018
наивная MLE,57.5187969924812,0.9982,0.0018000000000000238
наивная MLE,57.744360902255636,0.9984,0.0016000000000000458
наивная MLE,57.96992481203007,0.9984,0.0016000000000000458
наивная MLE,58.19548872180451,0.9984,0.0016000000000000458
наивная MLE,58.421052631578945,0.9985,0.0014999999999999458
наивная MLE,58.64661654135338,0.9986,0.0013999999999999568
наивная MLE,58.87218045112782,0.9986,0.0013999999999999568
наивная MLE,59.097744360902254,0.9986,0.0013999999999999568
наивная MLE,59.32330827067669,0.9986,0.0013999999999999568
наивная MLE,59.54887218045113,0.9986,0.0013999999999999568
наивная MLE,59.774436090225564,0.9986,0.0013999999999999568
наивная MLE,60.0,0.9986,0.0013999999999999568
наивная MLE,60.22556390977443,0.9986,0.0013999999999999568
наивная MLE,60.451127819548866,0.9986,0.0013999999999999568
наивная MLE,60.6766917293233,0.9987,0.0012999999999999678
наивная MLE,60.90225563909774,0.9988,0.0011999999999999789
наивная MLE,61.127819548872175,0.9988,0.0011999999999999789
наивная MLE,61.35338345864661,0.9988,0.0011999999999999789
наивная MLE,61.57894736842105,0.9988,0.0011999999999999789
наивная MLE,61.804511278195484,0.9988,0.0011999999999999789
наивная MLE,62.03007518796992,0.9988,0.0011999999999999789
наивная MLE,62.25563909774436,0.9989,0.0010999999999999899
наивная MLE,62.48120300751879,0.9989,0.0010999999999999899
наивная MLE,62.70676691729323,0.9989,0.0010999999999999899
наивная MLE,62.932330827067666,0.999,0.0010000000000000009
наивная MLE,63.1578947368421,0.999,0.0010000000000000009
наивная MLE,63.38345864661654,0.9991,0.0009000000000000119
наивная MLE,63.609022556390975,0.9991,0.0009000000000000119
наивная MLE,63.83458646616541,0.9992,0.0008000000000000229
наивная MLE,64.06015037593984,0.9992,0.0008000000000000229
наивная MLE,64.28571428571428,0.9993,0.0007000000000000339
наивная MLE,64.51127819548871,0.9993,0.0007000000000000339
наивная MLE,64.73684210526315,0.9993,0.0007000000000000339
наивная MLE,64.96240601503759,0.9993,0.0007000000000000339
наивная MLE,65.18796992481202,0.9993,0.0007000000000000339
наивная MLE,65.41353383458646,0.9993,0.0007000000000000339
наивная MLE,65.6390977443609,0.9993,0.0007000000000000339
наивная MLE,65.86466165413533,0.9993,0.0007000000000000339
наивная MLE,66.09022556390977,0.9993,0.0007000000000000339
наивная MLE,66.3157894736842,0.9993,0.0007000000000000339
наивная MLE,66.54135338345864,0.9995,0.0004999999999999449
наивная MLE,66.76691729323308,0.9995,0.0004999999999999449
наивная MLE,66.99248120300751,0.9995,0.0004999999999999449
наивная MLE,67.21804511278195,0.9995,0.0004999999999999449
наивная MLE,67.44360902255639,0.9995,0.0004999999999999449
наивная MLE,67.66917293233082,0.9995,0.0004999999999999449
наивная MLE,67.89473684210526,0.9995,0.0004999999999999449
наивная MLE,68.1203007518797,0.9996,0.00039999999999995595
наивная MLE,68.34586466165413,0.9996,0.00039999999999995595
наивная MLE,68.57142857142857,0.9996,0.00039999999999995595
наивная MLE,68.796992481203,0.9996,0.00039999999999995595
наивная MLE,69.02255639097744,0.9996,0.00039999999999995595
наивная MLE,69.24812030075188,0.9996,0.00039999999999995595
наивная MLE,69.47368421052632,0.9997,0.00029999999999996696
наивная MLE,69.69924812030075,0.9997,0.00029999999999996696
наивная MLE,69.92481203007519,0.9997,0.00029999999999996696
наивная MLE,70.15037593984962,0.9997,0.00029999999999996696
наивная MLE,70.37593984962406,0.9997,0.00029999999999996696
наивная MLE,70.6015037593985,0.9997,0.00029999999999996696
наивная MLE,70.82706766917293,0.9997,0.00029999999999996696
наивная MLE,71.05263157894737,0.9997,0.00029999999999996696
наивная MLE,71.2781954887218,0.9997,0.00029999999999996696
наивная MLE,71.50375939849624,0.9997,0.00029999999999996696
наивная MLE,71.72932330827068,0.9997,0.00029999999999996696
наивная MLE,71.95488721804512,0.9997,0.00029999999999996696
наивная MLE,72.18045112781954,0.9997,0.00029999999999996696
наивная MLE,72.40601503759397,0.9997,0.00029999999999996696
наивная MLE,72.63157894736841,0.9998,0.00019999999999997797
наивная MLE,72.85714285714285,0.9998,0.00019999999999997797
наивная MLE,73.08270676691728,0.9998,0.00019999999999997797
наивная MLE,73.30827067669172,0.9998,0.00019999999999997797
наивная MLE,73.53383458646616,0.9998,0.00019999999999997797
наивная MLE,73.75939849624059,0.9998,0.00019999999999997797
наивная MLE,73.98496240601503,0.9998,0.00019999999999997797
наивная MLE,74.21052631578947,0.9999,9.999999999998899e-05
наивная MLE,74.4360902255639,0.9999,9.999999999998899e-05
наивная MLE,74.66165413533834,0.9999,9.999999999998899e-05
наивная MLE,74.88721804511277,0.9999,9.999999999998899e-05
наивная MLE,75.11278195488721,0.9999,9.999999999998899e-05
наивная MLE,75.33834586466165,0.9999,9.999999999998899e-05
наивная MLE,75.56390977443608,0.9999,9.999999999998899e-05
наивная MLE,75.78947368421052,0.9999,9.999999999998899e-05
наивная MLE,76.01503759398496,0.9999,9.999999999998899e-05
наивная MLE,76.2406015037594,0.9999,9.999999999998899e-05
наивная MLE,76.46616541353383,0.9999,9.999999999998899e-05
наивная MLE,76.69172932330827,0.9999,9.999999999998899e-05
наивная MLE,76.9172932330827,0.9999,9.999999999998899e-05
наивная MLE,77.14285714285714,0.9999,9.999999999998899e-05
наивная MLE,77.36842105263158,0.9999,9.999999999998899e-05
наивная MLE,77.59398496240601,0.9999,9.999999999998899e-05
наивная MLE,77.81954887218045,0.9999,9.999999999998899e-05
наивная MLE,78.04511278195488,0.9999,9.999999999998899e-05
наивная MLE,78.27067669172932,0.9999,9.999999999998899e-05
наивная MLE,78.49624060150376,0.9999,9.999999999998899e-05
наивная MLE,78.7218045112782,0.9999,9.999999999998899e-05
наивная MLE,78.94736842105263,0.9999,9.999999999998899e-05
наивная MLE,79.17293233082707,0.9999,9.999999999998899e-05
наивная MLE,79.3984962406015,0.9999,9.999999999998899e-05
наивная MLE,79.62406015037594,0.9999,9.999999999998899e-05
наивная MLE,79.84962406015038,0.9999,9.999999999998899e-05
наивная MLE,80.07518796992481,0.9999,9.999999999998899e-05
наивная MLE,80.30075187969925,0.9999,9.999999999998899e-05
наивная MLE,80.52631578947368,0.9999,9.999999999998899e-05
наивная MLE,80.75187969924812,0.9999,9.999999999998899e-05
наивная MLE,80.97744360902256,0.9999,9.999999999998899e-05
наивная MLE,81.203007518797,0.9999,9.999999999998899e-05
наивная MLE,81.42857142857143,0.9999,9.999999999998899e-05
наивная MLE,81.65413533834587,0.9999,9.999999999998899e-05
наивная MLE,81.87969924812029,0.9999,9.999999999998899e-05
наивная MLE,82.10526315789473,0.9999,9.999999999998899e-05
наивная MLE,82.33082706766916,0.9999,9.999999999998899e-05
наивная MLE,82.5563909774436,0.9999,9.999999999998899e-05
наивная MLE,82.78195488721803,0.9999,9.999999999998899e-05
наивная MLE,83.00751879699247,0.9999,9.999999999998899e-05
наивная MLE,83.23308270676691,0.9999,9.999999999998899e-05
наивная MLE,83.45864661654134,0.9999,9.999999999998899e-05
наивная MLE,83.68421052631578,0.9999,9.999999999998899e-05
наивная MLE,83.90977443609022,0.9999,9.999999999998899e-05
наивная MLE,84.13533834586465,0.9999,9.999999999998899e-05
наивная MLE,84.36090225563909,0.9999,9.999999999998899e-05
наивная MLE,84.58646616541353,0.9999,9.999999999998899e-05
наивная MLE,84.81203007518796,0.9999,9.999999999998899e-05
наивная MLE,85.0375939849624,0.9999,9.999999999998899e-05
наивная MLE,85.26315789473684,0.9999,9.999999999998899e-05
наивная MLE,85.48872180451127,0.9999,9.999999999998899e-05
наивная MLE,85.71428571428571,0.9999,9.999999999998899e-05
наивная MLE,85.93984962406014,0.9999,9.999999999998899e-05
наивная MLE,86.16541353383458,0.9999,9.999999999998899e-05
наивная MLE,86.39097744360902,0.9999,9.999999999998899e-05
наивная MLE,86.61654135338345,0.9999,9.999999999998899e-05
наивная MLE,86.84210526315789,0.9999,9.999999999998899e-05
наивная MLE,87.06766917293233,0.9999,9.999999999998899e-05
наивная MLE,87.29323308270676,0.9999,9.999999999998899e-05
наивная MLE,87.5187969924812,0.9999,9.999999999998899e-05
наивная MLE,87.74436090225564,0.9999,9.999999999998899e-05
наивная MLE,87.96992481203007,0.9999,9.999999999998899e-05
наивная MLE,88.19548872180451,0.9999,9.999999999998899e-05
наивная MLE,88.42105263157895,0.9999,9.999999999998899e-05
наивная MLE,88.64661654135338,0.9999,9.999999999998899e-05
наивная MLE,88.87218045112782,0.9999,9.999999999998899e-05
наивная MLE,89.09774436090225,0.9999,9.999999999998899e-05
наивная MLE,89.32330827067669,0.9999,9.999999999998899e-05
наивная MLE,89.54887218045113,0.9999,9.999999999998899e-05
наивная MLE,89.77443609022556,0.9999,9.999999999998899e-05
наивная MLE,90.0,0.9999,9.999999999998899e-05
с учётом цензуры,0.0,0.0,1.0
с учётом цензуры,0.22556390977443608,0.0,1.0
с учётом цензуры,0.45112781954887216,0.0,1.0
с учётом цензуры,0.6766917293233082,0.0008,0.9992
с учётом цензуры,0.9022556390977443,0.001,0.999
с учётом цензуры,1.1278195488721803,0.0018,0.9982
с учётом цензуры,1.3533834586466165,0.0039,0.9961
с учётом цензуры,1.5789473684210527,0.0053,0.9947
с учётом цензуры,1.8045112781954886,0.0073,0.9927
с учётом цензуры,2.0300751879699246,0.0104,0.9896
с учётом цензуры,2.2556390977443606,0.0136,0.9864
с учётом цензуры,2.481203007518797,0.0184,0.9816
с учётом цензуры,2.706766917293233,0.0245,0.9755
с учётом цензуры,2.932330827067669,0.0296,0.9704
с учётом цензуры,3.1578947368421053,0.0356,0.9644
с учётом цензуры,3.3834586466165413,0.043,0.957
с учётом цензуры,3.6090225563909772,0.0514,0.9486
с учётом цензуры,3.834586466165413,0.0583,0.9417
с учётом цензуры,4.060150375939849,0.0656,0.9344
с учётом цензуры,4.285714285714286,0.0742,0.9258
с учётом цензуры,4.511278195488721,0.0829,0.9171
с учётом цензуры,4.7368421052631575,0.0918,0.9082
с учётом цензуры,4.962406015037594,0.1025,0.8975
с учётом цензуры,5.1879699248120295,0.1135,0.8865
с учётом цензуры,5.413533834586466,0.125,0.875
с учётом цензуры,5.639097744360902,0.1373,0.8627
с учётом цензуры,5.864661654135338,0.149,0.851
с учётом цензуры,6.090225563909774,0.1596,0.8404
с учётом цензуры,6.315789473684211,0.1711,0.8289
с учётом цензуры,6.541353383458646,0.1834,0.8166
с учётом цензуры,6.7669172932330826,0.1941,0.8059000000000001
с учётом цензуры,6.992481203007518,0.206,0.794
с учётом цензуры,7.2180451127819545,0.2186,0.7814
с учётом цензуры,7.443609022556391,0.2308,0.7692
с учётом цензуры,7.669172932330826,0.2433,0.7567
с учётом цензуры,7.894736842105263,0.2547,0.7453000000000001
с учётом цензуры,8.120300751879698,0.27,0.73
с учётом цензуры,8.345864661654135,0.2825,0.7175
с учётом цензуры,8.571428571428571,0.2968,0.7032
с учётом цензуры,8.796992481203008,0.3092,0.6908000000000001
с учётом цензуры,9.022556390977442,0.3197,0.6803
с учётом цензуры,9.248120300751879,0.3321,0.6678999999999999
с учётом цензуры,9.473684210526315,0.3431,0.6569
с учётом цензуры,9.699248120300751,0.355,0.645
с учётом цензуры,9.924812030075188,0.37,0.63
с учётом цензуры,10.150375939849624,0.3829,0.6171
с учётом цензуры,10.375939849624059,0.3935,0.6065
с учётом цензуры,10.601503759398495,0.4072,0.5928
с учётом цензуры,10.827067669172932,0.418,0.5820000000000001
с учётом цензуры,11.052631578947368,0.4295,0.5705
с учётом цензуры,11.278195488721805,0.4402,0.5598000000000001
с учётом цензуры,11.50375939849624,0.4521,0.5479
с учётом цензуры,11.729323308270676,0.462,0.538
с учётом цензуры,11.954887218045112,0.4725,0.5275000000000001
с учётом цензуры,12.180451127819548,0.4834,0.5166
с учётом цензуры,12.406015037593985,0.4923,0.5077
с учётом цензуры,12.631578947368421,0.5035,0.49650000000000005
с учётом цензуры,12.857142857142856,0.5125,0.48750000000000004
с учётом цензуры,13.082706766917292,0.5218,0.47819999999999996
с учётом цензуры,13.308270676691729,0.5315,0.4685
с учётом цензуры,13.533834586466165,0.5409,0.45909999999999995
с учётом цензуры,13.759398496240602,0.5493,0.4507
с учётом цензуры,13.984962406015036,0.5589,0.44110000000000005
с учётом цензуры,14.210526315789473,0.567,0.43300000000000005
с учётом цензуры,14.436090225563909,0.5765,0.4235
с учётом цензуры,14.661654135338345,0.5854,0.41459999999999997
с учётом цензуры,14.887218045112782,0.5929,0.4071
с учётом цензуры,15.112781954887216,0.6017,0.3983
с учётом цензуры,15.338345864661653,0.6091,0.3909
с учётом цензуры,15.56390977443609,0.6168,0.3832
с учётом цензуры,15.789473684210526,0.6261,0.3739
с учётом цензуры,16.01503759398496,0.6345,0.36550000000000005
с учётом цензуры,16.240601503759397,0.6413,0.3587
с учётом цензуры,16.466165413533833,0.6495,0.35050000000000003
с учётом цензуры,16.69172932330827,0.6578,0.34219999999999995
с учётом цензуры,16.917293233082706,0.6653,0.3347
с учётом цензуры,17.142857142857142,0.6739,0.32609999999999995
с учётом цензуры,17.36842105263158,0.6813,0.3187
с учётом цензуры,17.593984962406015,0.6885,0.3115
с учётом цензуры,17.81954887218045,0.6945,0.3055
с учётом цензуры,18.045112781954884,0.7027,0.2973
с учётом цензуры,18.27067669172932,0.7098,0.2902
с учётом цензуры,18.496240601503757,0.7166,0.2834
с учётом цензуры,18.721804511278194,0.7214,0.27859999999999996
с учётом цензуры,18.94736842105263,0.7258,0.2742
с учётом цензуры,19.172932330827066,0.7309,0.2691
с учётом цензуры,19.398496240601503,0.7382,0.26180000000000003
с учётом цензуры,19.62406015037594,0.7437,0.2563
с учётом цензуры,19.849624060150376,0.7492,0.2508
с учётом цензуры,20.075187969924812,0.755,0.245
с учётом цензуры,20.30075187969925,0.7608,0.23919999999999997
с учётом цензуры,20.52631578947368,0.766,0.23399999999999999
с учётом цензуры,20.751879699248118,0.7714,0.22860000000000003
с учётом цензуры,20.977443609022554,0.7774,0.22260000000000002
с учётом цензуры,21.20300751879699,0.7832,0.2168
с учётом цензуры,21.428571428571427,0.7888,0.21120000000000005
с учётом цензуры,21.654135338345863,0.7931,0.20689999999999997
с учётом цензуры,21.8796992481203,0.7971,0.20289999999999997
с учётом цензуры,22.105263157894736,0.8016,0.19840000000000002
с учётом цензуры,22.330827067669173,0.8065,0.1935
с учётом цензуры,22.55639097744361,0.8108,0.18920000000000003
с учётом цензуры,22.781954887218046,0.816,0.18400000000000005
с учётом цензуры,23.00751879699248,0.8202,0.17979999999999996
с учётом цензуры,23.233082706766915,0.8241,0.17589999999999995
с учётом цензуры,23.45864661654135,0.8282,0.17179999999999995
с учётом цензуры,23.684210526315788,0.833,0.16700000000000004
с учётом цензуры,23.909774436090224,0.8372,0.16279999999999994
с учётом цензуры,24.13533834586466,0.8407,0.1593
с учётом цензуры,24.360902255639097,0.8441,0.15590000000000004
с учётом цензуры,24.586466165413533,0.848,0.15200000000000002
с учётом цензуры,24.81203007518797,0.8532,0.14680000000000004
с учётом цензуры,25.037593984962406,0.8572,0.14280000000000004
с учётом цензуры,25.263157894736842,0.8603,0.13970000000000005
с учётом цензуры,25.488721804511275,0.8627,0.13729999999999998
с учётом цензуры,25.71428571428571,0.8651,0.13490000000000002
с учётом цензуры,25.939849624060148,0.8675,0.13249999999999995
с учётом цензуры,26.165413533834585,0.8706,0.12939999999999996
с учётом цензуры,26.39097744360902,0.8742,0.12580000000000002
с учётом цензуры,26.616541353383457,0.8759,0.12409999999999999
с учётом цензуры,26.842105263157894,0.8791,0.12090000000000001
с учётом цензуры,27.06766917293233,0.8819,0.11809999999999998
с учётом цензуры,27.293233082706767,0.8842,0.11580000000000001
с учётом цензуры,27.518796992481203,0.8865,0.11350000000000005
с учётом цензуры,27.744360902255636,0.8882,0.11180000000000001
с учётом цензуры,27.969924812030072,0.8911,0.1089
с учётом цензуры,28.19548872180451,0.8927,0.10729999999999995
с учётом цензуры,28.421052631578945,0.8946,0.10540000000000005
с учётом цензуры,28.64661654135338,0.897,0.10299999999999998
с учётом цензуры,28.872180451127818,0.8987,0.10129999999999995
с учётом цензуры,29.097744360902254,0.9006,0.09940000000000004
с учётом цензуры,29.32330827067669,0.9024,0.09760000000000002
с учётом цензуры,29.548872180451127,0.9054,0.09460000000000002
с учётом цензуры,29.774436090225564,0.9079,0.09209999999999996
с учётом цензуры,30.0,0.9108,0.08919999999999995
с учётом цензуры,30.225563909774433,0.9126,0.08740000000000003
с учётом цензуры,30.45112781954887,0.9153,0.0847
с учётом цензуры,30.676691729323306,0.9174,0.0826
с учётом цензуры,30.902255639097742,0.9185,0.08150000000000002
с учётом цензуры,31.12781954887218,0.9204,0.0796
с учётом цензуры,31.353383458646615,0.9231,0.07689999999999997
с учётом цензуры,31.57894736842105,0.9244,0.0756
с учётом цензуры,31.804511278195488,0.9261,0.07389999999999997
с учётом цензуры,32.03007518796992,0.9281,0.07189999999999996
с учётом цензуры,32.25563909774436,0.9297,0.07030000000000003
с учётом цензуры,32.48120300751879,0.9307,0.06930000000000003
с учётом цензуры,32.70676691729323,0.9324,0.0676
с учётом цензуры,32.932330827067666,0.9336,0.06640000000000001
с учётом цензуры,33.1578947368421,0.935,0.06499999999999995
с учётом цензуры,33.38345864661654,0.9363,0.06369999999999998
с учётом цензуры,33.609022556390975,0.9382,0.061799999999999966
с учётом цензуры,33.83458646616541,0.9396,0.06040000000000001
с учётом цензуры,34.06015037593985,0.9408,0.05920000000000003
с учётом цензуры,34.285714285714285,0.9421,0.05789999999999995
с учётом цензуры,34.51127819548872,0.9432,0.05679999999999996
с учётом цензуры,34.73684210526316,0.9445,0.055499999999999994
с учётом цензуры,34.962406015037594,0.9458,0.054200000000000026
с учётом цензуры,35.18796992481203,0.947,0.05300000000000005
с учётом цензуры,35.41353383458647,0.9489,0.051100000000000034
с учётом цензуры,35.6390977443609,0.9497,0.05030000000000001
с учётом цензуры,35.86466165413534,0.9506,0.0494
с учётом цензуры,36.09022556390977,0.9512,0.048799999999999955
с учётом цензуры,36.315789473684205,0.9527,0.04730000000000001
с учётом цензуры,36.54135338345864,0.9531,0.04690000000000005
с учётом цензуры,36.76691729323308,0.9542,0.04579999999999995
с учётом цензуры,36.992481203007515,0.9553,0.04469999999999996
с учётом цензуры,37.21804511278195,0.9565,0.04349999999999998
с учётом цензуры,37.44360902255639,0.9574,0.04259999999999997
с учётом цензуры,37.669172932330824,0.9588,0.041200000000000014
с учётом цензуры,37.89473684210526,0.9599,0.040100000000000025
с учётом цензуры,38.1203007518797,0.9606,0.03939999999999999
с учётом цензуры,38.34586466165413,0.9617,0.0383
с учётом цензуры,38.57142857142857,0.9628,0.03720000000000001
с учётом цензуры,38.796992481203006,0.963,0.03700000000000003
с учётом цензуры,39.02255639097744,0.9641,0.03590000000000004
с учётом цензуры,39.24812030075188,0.9654,0.034599999999999964
с учётом цензуры,39.473684210526315,0.9665,0.033499999999999974
с учётом цензуры,39.69924812030075,0.967,0.03300000000000003
с учётом цензуры,39.92481203007519,0.9677,0.032299999999999995
с учётом цензуры,40.150375939849624,0.9682,0.03180000000000005
с учётом цензуры,40.37593984962406,0.9691,0.03090000000000004
с учётом цензуры,40.6015037593985,0.9697,0.030299999999999994
с учётом цензуры,40.82706766917293,0.9705,0.02949999999999997
с учётом цензуры,41.05263157894736,0.9714,0.02859999999999996
с учётом цензуры,41.2781954887218,0.9723,0.027699999999999947
с учётом цензуры,41.503759398496236,0.9728,0.027200000000000002
с учётом цензуры,41.72932330827067,0.9732,0.026800000000000046
с учётом цензуры,41.95488721804511,0.9738,0.0262
с учётом цензуры,42.180451127819545,0.9743,0.025699999999999945
с учётом цензуры,42.40601503759398,0.9747,0.02529999999999999
с учётом цензуры,42.63157894736842,0.975,0.025000000000000022
с учётом цензуры,42.857142857142854,0.9757,0.02429999999999999
с учётом цензуры,43.08270676691729,0.9764,0.023599999999999954
с учётом цензуры,43.30827067669173,0.9769,0.02310000000000001
с учётом цензуры,43.53383458646616,0.9772,0.022800000000000042
с учётом цензуры,43.7593984962406,0.9778,0.022199999999999998
с учётом цензуры,43.984962406015036,0.9786,0.021399999999999975
с учётом цензуры,44.21052631578947,0.9794,0.02059999999999995
с учётом цензуры,44.43609022556391,0.9797,0.020299999999999985
с учётом цензуры,44.661654135338345,0.98,0.020000000000000018
с учётом цензуры,44.88721804511278,0.9806,0.019399999999999973
с учётом цензуры,45.11278195488722,0.9811,0.018900000000000028
с учётом цензуры,45.338345864661655,0.9815,0.01849999999999996
с учётом цензуры,45.56390977443609,0.9818,0.018199999999999994
с учётом цензуры,45.78947368421052,0.9824,0.01759999999999995
с учётом цензуры,46.01503759398496,0.9827,0.017299999999999982
с учётом цензуры,46.24060150375939,0.983,0.017000000000000015
с учётом цензуры,46.46616541353383,0.9836,0.01639999999999997
с учётом цензуры,46.691729323308266,0.9841,0.015900000000000025
с учётом цензуры,46.9172932330827,0.9848,0.015199999999999991
с учётом цензуры,47.14285714285714,0.9852,0.014800000000000035
с учётом цензуры,47.368421052631575,0.9853,0.014700000000000046
с учётом цензуры,47.59398496240601,0.9857,0.01429999999999998
с учётом цензуры,47.81954887218045,0.9858,0.01419999999999999
с учётом цензуры,48.045112781954884,0.986,0.014000000000000012
с учётом цензуры,48.27067669172932,0.9864,0.013599999999999945
с учётом цензуры,48.49624060150376,0.9869,0.0131
с учётом цензуры,48.721804511278194,0.9871,0.012900000000000023
с учётом цензуры,48.94736842105263,0.9871,0.012900000000000023
с учётом цензуры,49.17293233082707,0.9873,0.012700000000000045
с учётом цензуры,49.3984962406015,0.9874,0.012599999999999945
с учётом цензуры,49.62406015037594,0.9878,0.012199999999999989
с учётом цензуры,49.849624060150376,0.9881,0.011900000000000022
с учётом цензуры,50.07518796992481,0.9882,0.011800000000000033
с учётом цензуры,50.30075187969925,0.9884,0.011600000000000055
с учётом цензуры,50.526315789473685,0.9885,0.011499999999999955
с учётом цензуры,50.751879699248114,0.9886,0.011399999999999966
с учётом цензуры,50.97744360902255,0.9886,0.011399999999999966
с учётом цензуры,51.20300751879699,0.9887,0.011299999999999977
с учётом цензуры,51.42857142857142,0.9888,0.011199999999999988
с учётом цензуры,51.65413533834586,0.989,0.01100000000000001
с учётом цензуры,51.879699248120296,0.9891,0.01090000000000002
с учётом цензуры,52.10526315789473,0.9892,0.010800000000000032
с учётом цензуры,52.33082706766917,0.9893,0.010700000000000043
с учётом цензуры,52.556390977443606,0.9895,0.010499999999999954
с учётом цензуры,52.78195488721804,0.9897,0.010299999999999976
с учётом цензуры,53.00751879699248,0.99,0.010000000000000009
с учётом цензуры,53.233082706766915,0.99,0.010000000000000009
с учётом цензуры,53.45864661654135,0.9904,0.009600000000000053
с учётом цензуры,53.68421052631579,0.9905,0.009499999999999953
с учётом цензуры,53.909774436090224,0.9906,0.009399999999999964
с учётом цензуры,54.13533834586466,0.9909,0.009099999999999997
с учётом цензуры,54.3609022556391,0.991,0.009000000000000008
с учётом цензуры,54.58646616541353,0.9913,0.008700000000000041
с учётом цензуры,54.81203007518797,0.9914,0.008600000000000052
с учётом цензуры,55.037593984962406,0.9917,0.008299999999999974
с учётом цензуры,55.26315789473684,0.9921,0.007900000000000018
с учётом цензуры,55.48872180451127,0.9922,0.007800000000000029
с учётом цензуры,55.71428571428571,0.9927,0.007299999999999973
с учётом цензуры,55.939849624060145,0.9927,0.007299999999999973
с учётом цензуры,56.16541353383458,0.9928,0.007199999999999984
с учётом цензуры,56.39097744360902,0.9928,0.007199999999999984
с учётом цензуры,56.616541353383454,0.9928,0.007199999999999984
с учётом цензуры,56.84210526315789,0.9928,0.007199999999999984
с учётом цензуры,57.06766917293233,0.9931,0.006900000000000017
с учётом цензуры,57.29323308270676,0.9933,0.006700000000000039
с учётом цензуры,57.5187969924812,0.9933,0.006700000000000039
с учётом цензуры,57.744360902255636,0.9936,0.006399999999999961
с учётом цензуры,57.96992481203007,0.9937,0.006299999999999972
с учётом цензуры,58.19548872180451,0.9939,0.006099999999999994
с учётом цензуры,58.421052631578945,0.9939,0.006099999999999994
с учётом цензуры,58.64661654135338,0.9939,0.006099999999999994
с учётом цензуры,58.87218045112782,0.994,0.006000000000000005
с учётом цензуры,59.097744360902254,0.9942,0.005800000000000027
с учётом цензуры,59.32330827067669,0.9942,0.005800000000000027
с учётом цензуры,59.54887218045113,0.9943,0.005700000000000038
с учётом цензуры,59.774436090225564,0.9944,0.005600000000000049
с учётом цензуры,60.0,0.9944,0.005600000000000049
с учётом цензуры,60.22556390977443,0.9944,0.005600000000000049
с учётом цензуры,60.451127819548866,0.9944,0.005600000000000049
с учётом цензуры,60.6766917293233,0.9947,0.005299999999999971
с учётом цензуры,60.90225563909774,0.9947,0.005299999999999971
с учётом цензуры,61.127819548872175,0.9947,0.005299999999999971
с учётом цензуры,61.35338345864661,0.9949,0.005099999999999993
с учётом цензуры,61.57894736842105,0.995,0.0050000000000000044
с учётом цензуры,61.804511278195484,0.995,0.0050000000000000044
с учётом цензуры,62.03007518796992,0.9951,0.0049000000000000155
с учётом цензуры,62.25563909774436,0.9953,0.0047000000000000375
с учётом цензуры,62.48120300751879,0.9953,0.0047000000000000375
с учётом цензуры,62.70676691729323,0.9955,0.0044999999999999485
с учётом цензуры,62.932330827067666,0.9955,0.0044999999999999485
с учётом цензуры,63.1578947368421,0.9955,0.0044999999999999485
с учётом цензуры,63.38345864661654,0.9955,0.0044999999999999485
с учётом цензуры,63.609022556390975,0.9956,0.0043999999999999595
с учётом цензуры,63.83458646616541,0.9957,0.0042999999999999705
с учётом цензуры,64.06015037593984,0.9957,0.0042999999999999705
с учётом цензуры,64.28571428571428,0.9957,0.0042999999999999705
с учётом цензуры,64.51127819548871,0.9957,0.0042999999999999705
с учётом цензуры,64.73684210526315,0.9958,0.0041999999999999815
с учётом цензуры,64.96240601503759,0.9958,0.0041999999999999815
с учётом цензуры,65.18796992481202,0.9958,0.0041999999999999815
с учётом цензуры,65.41353383458646,0.9959,0.0040999999999999925
с учётом цензуры,65.6390977443609,0.9959,0.0040999999999999925
с учётом цензуры,65.86466165413533,0.9959,0.0040999999999999925
с учётом цензуры,66.09022556390977,0.9961,0.0039000000000000146
с учётом цензуры,66.3157894736842,0.9962,0.0038000000000000256
с учётом цензуры,66.54135338345864,0.9963,0.0037000000000000366
с учётом цензуры,66.76691729323308,0.9964,0.0036000000000000476
с учётом цензуры,66.99248120300751,0.9964,0.0036000000000000476
с учётом цензуры,67.21804511278195,0.9964,0.0036000000000000476
с учётом цензуры,67.44360902255639,0.9965,0.0034999999999999476
с учётом цензуры,67.66917293233082,0.9965,0.0034999999999999476
с учётом цензуры,67.89473684210526,0.9965,0.0034999999999999476
с учётом цензуры,68.1203007518797,0.9966,0.0033999999999999586
с учётом цензуры,68.34586466165413,0.9966,0.0033999999999999586
с учётом цензуры,68.57142857142857,0.9966,0.0033999999999999586
с учётом цензуры,68.796992481203,0.9966,0.0033999999999999586
с учётом цензуры,69.02255639097744,0.9966,0.0033999999999999586
с учётом цензуры,69.24812030075188,0.9968,0.0031999999999999806
с учётом цензуры,69.47368421052632,0.9969,0.0030999999999999917
с учётом цензуры,69.69924812030075,0.9969,0.0030999999999999917
с учётом цензуры,69.92481203007519,0.9969,0.0030999999999999917
с учётом цензуры,70.15037593984962,0.997,0.0030000000000000027
с учётом цензуры,70.37593984962406,0.9971,0.0029000000000000137
с учётом цензуры,70.6015037593985,0.9971,0.0029000000000000137
с учётом цензуры,70.82706766917293,0.9971,0.0029000000000000137
с учётом цензуры,71.05263157894737,0.9971,0.0029000000000000137
с учётом цензуры,71.2781954887218,0.9972,0.0028000000000000247
с учётом цензуры,71.50375939849624,0.9973,0.0027000000000000357
с учётом цензуры,71.72932330827068,0.9973,0.0027000000000000357
с учётом цензуры,71.95488721804512,0.9974,0.0026000000000000467
с учётом цензуры,72.18045112781954,0.9974,0.0026000000000000467
с учётом цензуры,72.40601503759397,0.9974,0.0026000000000000467
с учётом цензуры,72.63157894736841,0.9974,0.0026000000000000467
с учётом цензуры,72.85714285714285,0.9974,0.0026000000000000467
с учётом цензуры,73.08270676691728,0.9974,0.0026000000000000467
с учётом цензуры,73.30827067669172,0.9974,0.0026000000000000467
с учётом цензуры,73.53383458646616,0.9974,0.0026000000000000467
с учётом цензуры,73.75939849624059,0.9975,0.0024999999999999467
с учётом цензуры,73.98496240601503,0.9975,0.0024999999999999467
с учётом цензуры,74.21052631578947,0.9975,0.0024999999999999467
с учётом цензуры,74.4360902255639,0.9975,0.0024999999999999467
с учётом цензуры,74.66165413533834,0.9975,0.0024999999999999467
с учётом цензуры,74.88721804511277,0.9975,0.0024999999999999467
с учётом цензуры,75.11278195488721,0.9975,0.0024999999999999467
с учётом цензуры,75.33834586466165,0.9975,0.0024999999999999467
с учётом цензуры,75.56390977443608,0.9977,0.0022999999999999687
с учётом цензуры,75.78947368421052,0.9977,0.0022999999999999687
с учётом цензуры,76.01503759398496,0.9978,0.0021999999999999797
с учётом цензуры,76.2406015037594,0.9979,0.0020999999999999908
с учётом цензуры,76.46616541353383,0.9979,0.0020999999999999908
с учётом цензуры,76.69172932330827,0.9979,0.0020999999999999908
с учётом цензуры,76.9172932330827,0.9979,0.0020999999999999908
с учётом цензуры,77.14285714285714,0.9979,0.0020999999999999908
с учётом цензуры,77.36842105263158,0.9979,0.0020999999999999908
с учётом цензуры,77.59398496240601,0.9981,0.0019000000000000128
с учётом цензуры,77.81954887218045,0.9983,0.0017000000000000348
с учётом цензуры,78.04511278195488,0.9984,0.0016000000000000458
с учётом цензуры,78.27067669172932,0.9984,0.0016000000000000458
с учётом цензуры,78.49624060150376,0.9984,0.0016000000000000458
с учётом цензуры,78.7218045112782,0.9984,0.0016000000000000458
с учётом цензуры,78.94736842105263,0.9984,0.0016000000000000458
с учётом цензуры,79.17293233082707,0.9984,0.0016000000000000458
с учётом цензуры,79.3984962406015,0.9984,0.0016000000000000458
с учётом цензуры,79.62406015037594,0.9985,0.0014999999999999458
с учётом цензуры,79.84962406015038,0.9986,0.0013999999999999568
с учётом цензуры,80.07518796992481,0.9986,0.0013999999999999568
с учётом цензуры,80.30075187969925,0.9986,0.0013999999999999568
с учётом цензуры,80.52631578947368,0.9986,0.0013999999999999568
с учётом цензуры,80.75187969924812,0.9986,0.0013999999999999568
с учётом цензуры,80.97744360902256,0.9986,0.0013999999999999568
с учётом цензуры,81.203007518797,0.9986,0.0013999999999999568
с учётом цензуры,81.42857142857143,0.9986,0.0013999999999999568
с учётом цензуры,81.65413533834587,0.9986,0.0013999999999999568
с учётом цензуры,81.87969924812029,0.9986,0.0013999999999999568
с учётом цензуры,82.10526315789473,0.9986,0.0013999999999999568
с учётом цензуры,82.33082706766916,0.9986,0.0013999999999999568
с учётом цензуры,82.5563909774436,0.9986,0.0013999999999999568
с учётом цензуры,82.78195488721803,0.9986,0.0013999999999999568
с учётом цензуры,83.00751879699247,0.9986,0.0013999999999999568
с учётом цензуры,83.23308270676691,0.9987,0.0012999999999999678
с учётом цензуры,83.45864661654134,0.9987,0.0012999999999999678
с учётом цензуры,83.68421052631578,0.9988,0.0011999999999999789
с учётом цензуры,83.90977443609022,0.9989,0.0010999999999999899
с учётом цензуры,84.13533834586465,0.9989,0.0010999999999999899
с учётом цензуры,84.36090225563909,0.9989,0.0010999999999999899
с учётом цензуры,84.58646616541353,0.9989,0.0010999999999999899
с учётом цензуры,84.81203007518796,0.9989,0.0010999999999999899
с учётом цензуры,85.0375939849624,0.9989,0.0010999999999999899
с учётом цензуры,85.26315789473684,0.9989,0.0010999999999999899
с учётом цензуры,85.48872180451127,0.9989,0.0010999999999999899
с учётом цензуры,85.71428571428571,0.9989,0.0010999999999999899
с учётом цензуры,85.93984962406014,0.9989,0.0010999999999999899
с учётом цензуры,86.16541353383458,0.9989,0.0010999999999999899
с учётом цензуры,86.39097744360902,0.999,0.0010000000000000009
с учётом цензуры,86.61654135338345,0.999,0.0010000000000000009
с учётом цензуры,86.84210526315789,0.999,0.0010000000000000009
с учётом цензуры,87.06766917293233,0.999,0.0010000000000000009
с учётом цензуры,87.29323308270676,0.999,0.0010000000000000009
с учётом цензуры,87.5187969924812,0.999,0.0010000000000000009
с учётом цензуры,87.74436090225564,0.999,0.0010000000000000009
с учётом цензуры,87.96992481203007,0.999,0.0010000000000000009
с учётом цензуры,88.19548872180451,0.999,0.0010000000000000009
с учётом цензуры,88.42105263157895,0.999,0.0010000000000000009
с учётом цензуры,88.64661654135338,0.999,0.0010000000000000009
с учётом цензуры,88.87218045112782,0.999,0.0010000000000000009
с учётом цензуры,89.09774436090225,0.999,0.0010000000000000009
с учётом цензуры,89.32330827067669,0.999,0.0010000000000000009
с учётом цензуры,89.54887218045113,0.999,0.0010000000000000009
с учётом цензуры,89.77443609022556,0.999,0.0010000000000000009
с учётом цензуры,90.0,0.999,0.0010000000000000009
