n_traces,repeat,n_events,generation_seconds,interval_preparation_seconds,pm_preparation_seconds,discovery_seconds,conformance_seconds,naive_fit_seconds,censor_aware_fit_seconds,total_seconds
5,0,23,0.001185041037388146,0.0023349999682977796,0.00336133292876184,0.0014172920491546392,0.0561210410669446,0.029114042059518397,0.02056804101448506,0.11717658303678036
10,0,43,0.0013628749875351787,0.0015960000455379486,0.0030513330129906535,0.0011915829963982105,0.1547015419928357,0.021720707998611033,0.020288042025640607,0.20685691700782627
30,0,126,0.0032052500173449516,0.001527832937426865,0.00342550000641495,0.0011554579250514507,0.07960375002585351,0.31544070795644075,0.4226467499975115,0.8307264170143753
50,0,226,0.004901707987301052,0.0016013330314308405,0.003714333986863494,0.0012082079192623496,0.07095637498423457,0.3304338750895113,0.40863862505648285,0.8260240419767797
100,0,434,0.00907195801846683,0.0021524589974433184,0.004702290985733271,0.001467082998715341,0.08021666703280061,0.2719295419519767,0.42953937489073724,0.8034250000491738
300,0,1276,0.02462770906277001,0.002069749985821545,0.009167041978798807,0.0019406659994274378,0.08053237502463162,0.3063302499940619,0.4863157910294831,0.9156508750747889
1000,0,4115,0.08603545802179724,0.0023090409813448787,0.023419125005602837,0.0026697920402511954,0.15647366701159626,0.48768708400893956,0.48555804195348173,1.2504895409801975
3000,0,12459,0.23923325003124774,0.003986333031207323,0.06518495897762477,0.005430541001260281,0.0779649579199031,0.41028954193461686,0.6192545419326052,1.4285288751125336
5,1,24,0.0016203329432755709,0.0017368750413879752,0.005323750083334744,0.0007815830176696181,0.05729395791422576,0.018717333092354238,0.018227542052045465,0.10656300000846386
10,1,42,0.001151000033132732,0.0013728750636801124,0.0028053750284016132,0.0010901250643655658,0.07489991700276732,0.018338333000428975,0.03239795903209597,0.13490845798514783
30,1,126,0.0026112919440492988,0.001506500062532723,0.003287333995103836,0.0011761250207200646,0.12497820798307657,0.2387514590518549,0.3874775000149384,0.7644281249959022
50,1,215,0.005256042000837624,0.0017002089880406857,0.003865125006996095,0.0013393749250099063,0.07685204094741493,0.25281199999153614,0.38514008303172886,0.730646583950147
100,1,417,0.007814374985173345,0.001603499986231327,0.004737499984912574,0.0013520410284399986,0.0749880000948906,0.287922834046185,0.4437962919473648,0.8277967920294032
300,1,1215,0.028718624962493777,0.002273166086524725,0.008786582970060408,0.0016804159386083484,0.07582437491510063,0.3011686659883708,0.42470112501177937,0.8473239169688895
1000,1,4071,0.07129266706760973,0.0021684160456061363,0.023162457975558937,0.0024786669528111815,0.07619199994951487,0.3070461250608787,0.5162607919191942,1.0036143329925835
3000,1,12443,0.2195231249788776,0.0037698749219998717,0.12254133296664804,0.005268250009976327,0.0781358330277726,0.4653941249707714,0.6311119999736547,1.5337279160739854
5,2,25,0.001610916922800243,0.001731291995383799,0.00526316708419472,0.0009726670105010271,0.06353929196484387,0.0010475419694557786,0.0007174160564318299,0.07727870799135417
10,2,43,0.0014016670174896717,0.001449249917641282,0.00277729204390198,0.000940375030040741,0.07184470805805176,0.03305479197297245,0.06732554198242724,0.181548708002083
30,2,114,0.0024455420207232237,0.0014555839588865638,0.0032691670348867774,0.0010495840106159449,0.07655070803593844,0.3027207920094952,0.37037383299320936,0.7616847499739379
50,2,188,0.004325457965023816,0.0018997910665348172,0.0039214170537889,0.0011483330745249987,0.07706174999475479,0.2571769580245018,0.3394717500777915,0.6887750420719385
100,2,401,0.007492333999834955,0.0015339578967541456,0.004689041990786791,0.001185750006698072,0.12424583290703595,0.2976768329972401,0.3832185419742018,0.8238218750339001
300,2,1174,0.02340275002643466,0.0019101250218227506,0.008442584075964987,0.0015597079182043672,0.07908599998336285,0.26073945802636445,0.494018999976106,0.8731500830035657
1000,2,4027,0.07470387499779463,0.0023534579668194056,0.022824416984803975,0.0025353330420330167,0.0802759169600904,0.362764541991055,0.5349025829927996,1.0853808330139145
3000,2,12027,0.2212290420429781,0.0033900830894708633,0.0752509169979021,0.004128166940063238,0.15456075000111014,0.7867034170776606,0.8401799169369042,2.0948037919588387
5,3,17,0.0018999589374288917,0.001712416997179389,0.007529375026933849,0.0009150839177891612,0.059570042067207396,0.0011275829747319221,0.000824916991405189,0.0761450829450041
10,3,40,0.001157584018073976,0.001490541035309434,0.0031332499347627163,0.0010610830504447222,0.07572041708044708,0.05024833302013576,0.07365612499415874,0.20954991702456027
30,3,109,0.0025422910694032907,0.0015679580392315984,0.00337666692212224,0.0010994590120390058,0.079326624982059,0.3040401249891147,0.5578022919362411,0.9534551659598947
50,3,194,0.00403741595800966,0.001527832937426865,0.003910458995960653,0.0014340829802677035,0.07817954092752188,0.3077367090154439,0.530922667006962,0.9317677499493584
100,3,404,0.008561040973290801,0.001797499950043857,0.005449916934594512,0.0013946669641882181,0.09520662506110966,0.26967087504453957,0.421762999962084,0.8078382500680164
300,3,1228,0.022200207924470305,0.0018540829187259078,0.008363042026758194,0.0017992079956457019,0.07592345797456801,0.3003841250902042,0.3908198330318555,0.8053257080027834
1000,3,4089,0.07373566704336554,0.002125708037056029,0.021207125042565167,0.0024309169966727495,0.07693345902953297,0.30842895805835724,0.561358124949038,1.0511142499744892
3000,3,12274,0.23173012491315603,0.003492666990496218,0.13098241691477597,0.004454542067833245,0.07693041698075831,0.4165314579149708,0.5866878340020776,1.458553749951534
5,4,33,0.0019352909876033664,0.0016874580178409815,0.005290500004775822,0.0010008749086409807,0.06567799998447299,0.017661166028119624,0.016943124937824905,0.11273958394303918
10,4,52,0.0013394590932875872,0.00140616693533957,0.002946958993561566,0.0009412079816684127,0.06343912496231496,0.26693816704209894,0.3013395000016317,0.6409648330882192
30,4,143,0.002970541943795979,0.0014299169415608048,0.0033822919940575957,0.0010522500379011035,0.07118595798965544,0.2681774169905111,0.4086296249879524,0.7604257080238312
50,4,206,0.0041883341036736965,0.001498459023423493,0.0036814160412177444,0.0012130829272791743,0.0758962919935584,0.24799404200166464,0.3816847080597654,0.7197357499971986
100,4,393,0.007387833087705076,0.0014925419818609953,0.0478878750000149,0.0012423750013113022,0.0756991250673309,0.28125262493267655,0.36925375007558614,0.7878167500020936
300,4,1199,0.021561249974183738,0.001665458083152771,0.007849458954297006,0.001549209002405405,0.07622924994211644,0.31382337491959333,0.37765249994117767,0.8040689169429243
1000,4,4036,0.07114241702947766,0.0021762499818578362,0.021440375014208257,0.00233895902056247,0.07657875004224479,0.3206904160324484,0.5261008330853656,1.0250162079464644
3000,4,12274,0.2160755000077188,0.0032673340756446123,0.11564974999055266,0.004212082945741713,0.07602645794395357,0.4180087079294026,0.6491007080767304,1.4895151250530034
