,generation_seconds,generation_seconds,generation_seconds,interval_preparation_seconds,interval_preparation_seconds,interval_preparation_seconds,pm_preparation_seconds,pm_preparation_seconds,pm_preparation_seconds,discovery_seconds,discovery_seconds,discovery_seconds,conformance_seconds,conformance_seconds,conformance_seconds,naive_fit_seconds,naive_fit_seconds,naive_fit_seconds,censor_aware_fit_seconds,censor_aware_fit_seconds,censor_aware_fit_seconds,total_seconds,total_seconds,total_seconds
,mean,std,count,mean,std,count,mean,std,count,mean,std,count,mean,std,count,mean,std,count,mean,std,count,mean,std,count
n_traces,,,,,,,,,,,,,,,,,,,,,,,,
5,0.0016503081656992435,0.00030102508253839,5,0.001840608404017985,0.0002770477324052894,5,0.005353625025600195,0.0014761585100371776,5,0.0010175001807510853,0.00023888592969475194,5,0.060440466599538924,0.004072777532219864,5,0.013533533224835992,0.01221135709503995,5,0.01145620821043849,0.009840334396344384,5,0.09798059158492833,0.01978212008026961,5
10,0.0012825170299038291,0.00011916532356704606,5,0.0014629665995016695,8.658677917453303e-05,5,0.002942841802723706,0.00015357928522478253,5,0.0010448748245835305,0.00010665434806253528,5,0.08812114181928336,0.037535492200979084,5,0.07806006660684943,0.10631875761988235,5,0.09900143360719085,0.11534541682583288,5,0.2747657666215673,0.20689125281911963,5
30,0.0027549833990633487,0.00032048585839133134,5,0.001497558387927711,5.542975454520099e-05,5,0.0033481919905170797,6.689319941432156e-05,5,0.0011065752012655139,5.8044287846061306e-05,5,0.0863290498033166,0.0218686432813906,5,0.28582610019948335,0.03170845376701487,5,0.42938599998597055,0.07450796409566891,5,0.8141440331935883,0.08335447430806481,5
50,0.004541791602969169,0.0005161929562937155,5,0.0016455250093713402,0.00016207584974654575,5,0.0038185502169653775,0.00011276615806118052,5,0.0012686163652688264,0.000115744532885846,5,0.07578919976949691,0.0028209222980494627,5,0.27923071682453154,0.037397866708538105,5,0.40917156664654614,0.07248227109977899,5,0.7793898335890844,0.09942249909162026,5
100,0.008065508212894201,0.0007261773336529335,5,0.0017159917624667287,0.00027058629136092184,5,0.01349332497920841,0.019229818206702456,5,0.0013283831998705865,0.00011394351942773177,5,0.09007125003263354,0.020769264564048654,5,0.2816905417945236,0.011557943707824205,5,0.4095141917699948,0.03177525773825037,5,0.8101397334365175,0.016183886866383376,5
300,0.024102108390070497,0.002835082464498218,5,0.00195451641920954,0.0002293624812275632,5,0.008521742001175881,0.0004924350094287712,5,0.0017058413708582521,0.00016612876801117604,5,0.07751909156795592,0.0021573642303810104,5,0.29648917480371895,0.020690769558559495,5,0.43470164979808035,0.05353222731518603,5,0.8491038999985904,0.047314286800428616,5
1000,0.07538201683200896,0.006151486428892023,5,0.002226574602536857,9.872834064747497e-05,5,0.022410700004547833,0.0010177605373407892,5,0.0024907336104661227,0.00012329860930508803,5,0.09329075859859585,0.035357764511207826,5,0.35732342503033576,0.07629669468103106,5,0.5248360749799759,0.02762740346369417,5,1.0831230329815298,0.09841143777508042,5
3000,0.22555820839479565,0.009620096007335939,5,0.003581258421763778,0.00029266301775029583,5,0.10192187516950071,0.029660886258504555,5,0.004698716592974961,0.000608665690142958,5,0.09272368317469955,0.034578435347151985,5,0.49938544996548445,0.16212037454568143,5,0.6652670001843944,0.10039207284324939,5,1.601025891629979,0.27876236084322786,5
