src,success,status,n_completed,n_censored,nll,message,at_boundary,n_traces,repeat,method
A,True,ok,7,0,13.418153334833054,CONVERGENCE: NORM OF PROJECTED GRADIENT <= PGTOL,False,5,0,naive
B,False,insufficient_data,7,1,,,,5,0,naive
C,True,ok,4,0,9.063044274168284,CONVERGENCE: NORM OF PROJECTED GRADIENT <= PGTOL,False,5,0,naive
A,True,ok,7,0,13.418153334833054,CONVERGENCE: NORM OF PROJECTED GRADIENT <= PGTOL,False,5,0,censor_aware
B,False,insufficient_data,7,1,,,,5,0,censor_aware
C,True,ok,4,0,9.063044274168284,CONVERGENCE: NORM OF PROJECTED GRADIENT <= PGTOL,False,5,0,censor_aware
A,False,insufficient_data,12,0,,,,10,0,naive
B,False,insufficient_data,12,1,,,,10,0,naive
C,True,ok,9,0,23.824650272901348,CONVERGENCE: NORM OF PROJECTED GRADIENT <= PGTOL,False,10,0,naive
A,False,insufficient_data,12,0,,,,10,0,censor_aware
B,False,insufficient_data,12,1,,,,10,0,censor_aware
C,True,ok,9,0,23.824650272901348,CONVERGENCE: NORM OF PROJECTED GRADIENT <= PGTOL,False,10,0,censor_aware
A,True,ok,36,0,85.62082646885061,CONVERGENCE: NORM OF PROJECTED GRADIENT <= PGTOL,False,30,0,naive
B,True,ok,33,3,88.37761323948601,CONVERGENCE: RELATIVE REDUCTION OF F <= FACTR*EPSMCH,False,30,0,naive
C,True,ok,27,1,76.66350240792825,CONVERGENCE: NORM OF PROJECTED GRADIENT <= PGTOL,False,30,0,naive
A,True,ok,36,0,85.62082646885061,CONVERGENCE: NORM OF PROJECTED GRADIENT <= PGTOL,False,30,0,censor_aware
B,True,ok,33,3,90.71439070791797,CONVERGENCE: RELATIVE REDUCTION OF F <= FACTR*EPSMCH,False,30,0,censor_aware
C,True,ok,27,1,81.84674195596496,CONVERGENCE: NORM OF PROJECTED GRADIENT <= PGTOL,False,30,0,censor_aware
A,True,ok,66,1,154.25814513717904,CONVERGENCE: NORM OF PROJECTED GRADIENT <= PGTOL,False,50,0,naive
B,True,ok,64,3,176.18440248205178,CONVERGENCE: RELATIVE REDUCTION OF F <= FACTR*EPSMCH,False,50,0,naive
C,True,ok,46,2,145.58913493581656,CONVERGENCE: NORM OF PROJECTED GRADIENT <= PGTOL,False,50,0,naive
A,True,ok,66,1,156.1843907972528,CONVERGENCE: NORM OF PROJECTED GRADIENT <= PGTOL,False,50,0,censor_aware
B,True,ok,64,3,178.58845326212025,CONVERGENCE: RELATIVE REDUCTION OF F <= FACTR*EPSMCH,False,50,0,censor_aware
C,True,ok,46,2,150.18817095135668,CONVERGENCE: NORM OF PROJECTED GRADIENT <= PGTOL,False,50,0,censor_aware
A,True,ok,126,1,303.2715997767773,CONVERGENCE: NORM OF PROJECTED GRADIENT <= PGTOL,False,100,0,naive
B,True,ok,120,8,348.0086588541184,CONVERGENCE: RELATIVE REDUCTION OF F <= FACTR*EPSMCH,False,100,0,naive
C,True,ok,88,7,272.84802795678195,CONVERGENCE: NORM OF PROJECTED GRADIENT <= PGTOL,False,100,0,naive
A,True,ok,126,1,305.17666057768514,CONVERGENCE: NORM OF PROJECTED GRADIENT <= PGTOL,False,100,0,censor_aware
B,True,ok,120,8,351.55220462095605,CONVERGENCE: RELATIVE REDUCTION OF F <= FACTR*EPSMCH,False,100,0,censor_aware
C,True,ok,88,7,280.1455026978242,CONVERGENCE: NORM OF PROJECTED GRADIENT <= PGTOL,False,100,0,censor_aware
A,True,ok,364,17,860.5059414998933,CONVERGENCE: NORM OF PROJECTED GRADIENT <= PGTOL,False,300,0,naive
B,True,ok,352,18,1034.2610191152062,CONVERGENCE: RELATIVE REDUCTION OF F <= FACTR*EPSMCH,False,300,0,naive
C,True,ok,260,20,809.3761069267105,CONVERGENCE: RELATIVE REDUCTION OF F <= FACTR*EPSMCH,False,300,0,naive
A,True,ok,364,17,878.6812918868837,CONVERGENCE: NORM OF PROJECTED GRADIENT <= PGTOL,False,300,0,censor_aware
B,True,ok,352,18,1049.6282501686735,CONVERGENCE: RELATIVE REDUCTION OF F <= FACTR*EPSMCH,False,300,0,censor_aware
C,True,ok,260,20,833.1170547634031,CONVERGENCE: NORM OF PROJECTED GRADIENT <= PGTOL,False,300,0,censor_aware
A,True,ok,1188,51,2854.3899562305396,CONVERGENCE: NORM OF PROJECTED GRADIENT <= PGTOL,False,1000,0,naive
B,True,ok,1111,62,3359.922275976962,CONVERGENCE: RELATIVE REDUCTION OF F <= FACTR*EPSMCH,False,1000,0,naive
C,True,ok,816,82,2544.7492620323437,CONVERGENCE: NORM OF PROJECTED GRADIENT <= PGTOL,False,1000,0,naive
A,True,ok,1188,51,2913.3942975503405,CONVERGENCE: NORM OF PROJECTED GRADIENT <= PGTOL,False,1000,0,censor_aware
B,True,ok,1111,62,3419.2314799898904,CONVERGENCE: RELATIVE REDUCTION OF F <= FACTR*EPSMCH,False,1000,0,censor_aware
C,True,ok,816,82,2665.1197078847736,CONVERGENCE: NORM OF PROJECTED GRADIENT <= PGTOL,False,1000,0,censor_aware
A,True,ok,3582,162,8543.791808088195,CONVERGENCE: NORM OF PROJECTED GRADIENT <= PGTOL,False,3000,0,naive
B,True,ok,3395,238,10240.431089204929,CONVERGENCE: RELATIVE REDUCTION OF F <= FACTR*EPSMCH,False,3000,0,naive
C,True,ok,2482,212,7736.358450869057,CONVERGENCE: NORM OF PROJECTED GRADIENT <= PGTOL,False,3000,0,naive
A,True,ok,3582,162,8729.461986175435,CONVERGENCE: NORM OF PROJECTED GRADIENT <= PGTOL,False,3000,0,censor_aware
B,True,ok,3395,238,10491.108687269287,CONVERGENCE: RELATIVE REDUCTION OF F <= FACTR*EPSMCH,False,3000,0,censor_aware
C,True,ok,2482,212,8020.95894031507,CONVERGENCE: NORM OF PROJECTED GRADIENT <= PGTOL,False,3000,0,censor_aware
A,False,insufficient_data,4,1,,,,5,1,naive
B,False,insufficient_data,7,0,,,,5,1,naive
C,True,ok,8,0,24.776417532901732,CONVERGENCE: NORM OF PROJECTED GRADIENT <= PGTOL,False,5,1,naive
A,False,insufficient_data,4,1,,,,5,1,censor_aware
B,False,insufficient_data,7,0,,,,5,1,censor_aware
C,True,ok,8,0,24.776417532901732,CONVERGENCE: NORM OF PROJECTED GRADIENT <= PGTOL,False,5,1,censor_aware
A,False,insufficient_data,9,2,,,,10,1,naive
B,False,insufficient_data,13,0,,,,10,1,naive
C,True,ok,10,1,29.580206885995416,CONVERGENCE: RELATIVE REDUCTION OF F <= FACTR*EPSMCH,False,10,1,naive
A,False,insufficient_data,9,2,,,,10,1,censor_aware
B,False,insufficient_data,13,0,,,,10,1,censor_aware
C,True,ok,10,1,30.075911906587475,CONVERGENCE: NORM OF PROJECTED GRADIENT <= PGTOL,False,10,1,censor_aware
A,True,ok,31,3,72.6481250413865,CONVERGENCE: NORM OF PROJECTED GRADIENT <= PGTOL,False,30,1,naive
B,True,ok,34,2,96.19432170917304,CONVERGENCE: RELATIVE REDUCTION OF F <= FACTR*EPSMCH,False,30,1,naive
C,True,ok,31,1,92.27012662373527,CONVERGENCE: NORM OF PROJECTED GRADIENT <= PGTOL,False,30,1,naive
A,True,ok,31,3,74.00001071287191,CONVERGENCE: NORM OF PROJECTED GRADIENT <= PGTOL,False,30,1,censor_aware
B,True,ok,34,2,97.89123439888748,CONVERGENCE: RELATIVE REDUCTION OF F <= FACTR*EPSMCH,False,30,1,censor_aware
C,True,ok,31,1,92.7768224401375,CONVERGENCE: NORM OF PROJECTED GRADIENT <= PGTOL,False,30,1,censor_aware
A,True,ok,58,3,131.1724652012872,CONVERGENCE: NORM OF PROJECTED GRADIENT <= PGTOL,False,50,1,naive
B,True,ok,59,5,172.45176459525948,CONVERGENCE: RELATIVE REDUCTION OF F <= FACTR*EPSMCH,False,50,1,naive
C,True,ok,48,2,144.35538461751668,CONVERGENCE: NORM OF PROJECTED GRADIENT <= PGTOL,False,50,1,naive
A,True,ok,58,3,132.88185691164313,CONVERGENCE: NORM OF PROJECTED GRADIENT <= PGTOL,False,50,1,censor_aware
B,True,ok,59,5,176.3237144578595,CONVERGENCE: RELATIVE REDUCTION OF F <= FACTR*EPSMCH,False,50,1,censor_aware
C,True,ok,48,2,145.8457610076535,CONVERGENCE: NORM OF PROJECTED GRADIENT <= PGTOL,False,50,1,censor_aware
A,True,ok,115,6,277.380005585303,CONVERGENCE: NORM OF PROJECTED GRADIENT <= PGTOL,False,100,1,naive
B,True,ok,108,8,324.97492165214004,CONVERGENCE: RELATIVE REDUCTION OF F <= FACTR*EPSMCH,False,100,1,naive
C,True,ok,94,5,295.80553917416904,CONVERGENCE: NORM OF PROJECTED GRADIENT <= PGTOL,False,100,1,naive
A,True,ok,115,6,282.88604549939487,CONVERGENCE: NORM OF PROJECTED GRADIENT <= PGTOL,False,100,1,censor_aware
B,True,ok,108,8,332.46725477614746,CONVERGENCE: RELATIVE REDUCTION OF F <= FACTR*EPSMCH,False,100,1,censor_aware
C,True,ok,94,5,303.46726702276516,CONVERGENCE: NORM OF PROJECTED GRADIENT <= PGTOL,False,100,1,censor_aware
A,True,ok,345,14,828.0278425914577,CONVERGENCE: NORM OF PROJECTED GRADIENT <= PGTOL,False,300,1,naive
B,True,ok,309,23,918.7121261235518,CONVERGENCE: RELATIVE REDUCTION OF F <= FACTR*EPSMCH,False,300,1,naive
C,True,ok,261,18,806.2619473788804,CONVERGENCE: RELATIVE REDUCTION OF F <= FACTR*EPSMCH,False,300,1,naive
A,True,ok,345,14,843.7298331668153,CONVERGENCE: NORM OF PROJECTED GRADIENT <= PGTOL,False,300,1,censor_aware
B,True,ok,309,23,949.3805721451512,CONVERGENCE: RELATIVE REDUCTION OF F <= FACTR*EPSMCH,False,300,1,censor_aware
C,True,ok,261,18,827.0084266333835,CONVERGENCE: NORM OF PROJECTED GRADIENT <= PGTOL,False,300,1,censor_aware
A,True,ok,1140,60,2759.4984876275953,CONVERGENCE: NORM OF PROJECTED GRADIENT <= PGTOL,False,1000,1,naive
B,True,ok,1082,71,3251.9640919439544,CONVERGENCE: NORM OF PROJECTED GRADIENT <= PGTOL,False,1000,1,naive
C,True,ok,849,74,2617.166457758226,CONVERGENCE: NORM OF PROJECTED GRADIENT <= PGTOL,False,1000,1,naive
A,True,ok,1140,60,2813.718940510019,CONVERGENCE: NORM OF PROJECTED GRADIENT <= PGTOL,False,1000,1,censor_aware
B,True,ok,1082,71,3334.4372700004087,CONVERGENCE: RELATIVE REDUCTION OF F <= FACTR*EPSMCH,False,1000,1,censor_aware
C,True,ok,849,74,2717.3275872138183,CONVERGENCE: NORM OF PROJECTED GRADIENT <= PGTOL,False,1000,1,censor_aware
A,True,ok,3538,168,8576.954291500819,CONVERGENCE: NORM OF PROJECTED GRADIENT <= PGTOL,False,3000,1,naive
B,True,ok,3371,255,10102.342712026068,CONVERGENCE: RELATIVE REDUCTION OF F <= FACTR*EPSMCH,False,3000,1,naive
C,True,ok,2534,210,7852.211268208902,CONVERGENCE: NORM OF PROJECTED GRADIENT <= PGTOL,False,3000,1,naive
A,True,ok,3538,168,8728.17151858872,CONVERGENCE: NORM OF PROJECTED GRADIENT <= PGTOL,False,3000,1,censor_aware
B,True,ok,3371,255,10373.134231211832,CONVERGENCE: RELATIVE REDUCTION OF F <= FACTR*EPSMCH,False,3000,1,censor_aware
C,True,ok,2534,210,8119.519101866595,CONVERGENCE: NORM OF PROJECTED GRADIENT <= PGTOL,False,3000,1,censor_aware
A,False,insufficient_data,6,0,,,,5,2,naive
B,False,insufficient_data,8,1,,,,5,2,naive
C,False,insufficient_data,6,0,,,,5,2,naive
A,False,insufficient_data,6,0,,,,5,2,censor_aware
B,False,insufficient_data,8,1,,,,5,2,censor_aware
C,False,insufficient_data,6,0,,,,5,2,censor_aware
A,True,ok,12,1,25.946902810220806,CONVERGENCE: NORM OF PROJECTED GRADIENT <= PGTOL,False,10,2,naive
B,False,insufficient_data,12,1,,,,10,2,naive
C,True,ok,9,1,27.958613543884113,CONVERGENCE: NORM OF PROJECTED GRADIENT <= PGTOL,False,10,2,naive
A,True,ok,12,1,26.044729264982763,CONVERGENCE: NORM OF PROJECTED GRADIENT <= PGTOL,False,10,2,censor_aware
B,False,insufficient_data,12,1,,,,10,2,censor_aware
C,True,ok,9,1,28.106040211670127,CONVERGENCE: NORM OF PROJECTED GRADIENT <= PGTOL,False,10,2,censor_aware
A,True,ok,31,4,77.8857682253418,CONVERGENCE: NORM OF PROJECTED GRADIENT <= PGTOL,False,30,2,naive
B,True,ok,31,3,84.1352600422825,CONVERGENCE: RELATIVE REDUCTION OF F <= FACTR*EPSMCH,False,30,2,naive
C,True,ok,22,2,66.36070343294783,CONVERGENCE: NORM OF PROJECTED GRADIENT <= PGTOL,False,30,2,naive
A,True,ok,31,4,79.58985945622163,CONVERGENCE: NORM OF PROJECTED GRADIENT <= PGTOL,False,30,2,censor_aware
B,True,ok,31,3,86.69571218578196,CONVERGENCE: RELATIVE REDUCTION OF F <= FACTR*EPSMCH,False,30,2,censor_aware
C,True,ok,22,2,68.46220246838567,CONVERGENCE: NORM OF PROJECTED GRADIENT <= PGTOL,False,30,2,censor_aware
A,True,ok,52,7,127.04436403583888,CONVERGENCE: NORM OF PROJECTED GRADIENT <= PGTOL,False,50,2,naive
B,True,ok,52,3,151.60742467489933,CONVERGENCE: NORM OF PROJECTED GRADIENT <= PGTOL,False,50,2,naive
C,True,ok,34,3,101.57578889011742,CONVERGENCE: NORM OF PROJECTED GRADIENT <= PGTOL,False,50,2,naive
A,True,ok,52,7,132.46155236242006,CONVERGENCE: NORM OF PROJECTED GRADIENT <= PGTOL,False,50,2,censor_aware
B,True,ok,52,3,153.85693266971433,CONVERGENCE: RELATIVE REDUCTION OF F <= FACTR*EPSMCH,False,50,2,censor_aware
C,True,ok,34,3,103.92897659670732,CONVERGENCE: NORM OF PROJECTED GRADIENT <= PGTOL,False,50,2,censor_aware
A,True,ok,109,9,263.6973774530686,CONVERGENCE: NORM OF PROJECTED GRADIENT <= PGTOL,False,100,2,naive
B,True,ok,110,5,316.72209108352877,CONVERGENCE: RELATIVE REDUCTION OF F <= FACTR*EPSMCH,False,100,2,naive
C,True,ok,82,3,246.85089606382115,CONVERGENCE: RELATIVE REDUCTION OF F <= FACTR*EPSMCH,False,100,2,naive
A,True,ok,109,9,270.33374930014475,CONVERGENCE: NORM OF PROJECTED GRADIENT <= PGTOL,False,100,2,censor_aware
B,True,ok,110,5,321.05557187389593,CONVERGENCE: RELATIVE REDUCTION OF F <= FACTR*EPSMCH,False,100,2,censor_aware
C,True,ok,82,3,249.1014694925697,CONVERGENCE: NORM OF PROJECTED GRADIENT <= PGTOL,False,100,2,censor_aware
A,True,ok,337,22,813.2025853595146,CONVERGENCE: NORM OF PROJECTED GRADIENT <= PGTOL,False,300,2,naive
B,True,ok,301,30,870.7783382428634,CONVERGENCE: RELATIVE REDUCTION OF F <= FACTR*EPSMCH,False,300,2,naive
C,True,ok,236,12,708.3084478556475,CONVERGENCE: NORM OF PROJECTED GRADIENT <= PGTOL,False,300,2,naive
A,True,ok,337,22,827.1445285608129,CONVERGENCE: NORM OF PROJECTED GRADIENT <= PGTOL,False,300,2,censor_aware
B,True,ok,301,30,903.3475463709293,CONVERGENCE: RELATIVE REDUCTION OF F <= FACTR*EPSMCH,False,300,2,censor_aware
C,True,ok,236,12,730.8921924193978,CONVERGENCE: NORM OF PROJECTED GRADIENT <= PGTOL,False,300,2,censor_aware
A,True,ok,1146,70,2772.277463197059,CONVERGENCE: NORM OF PROJECTED GRADIENT <= PGTOL,False,1000,2,naive
B,True,ok,1064,94,3152.752100048244,CONVERGENCE: NORM OF PROJECTED GRADIENT <= PGTOL,False,1000,2,naive
C,True,ok,817,64,2523.1413331823287,CONVERGENCE: NORM OF PROJECTED GRADIENT <= PGTOL,False,1000,2,naive
A,True,ok,1146,70,2827.02683760297,CONVERGENCE: NORM OF PROJECTED GRADIENT <= PGTOL,False,1000,2,censor_aware
B,True,ok,1064,94,3250.05585338382,CONVERGENCE: RELATIVE REDUCTION OF F <= FACTR*EPSMCH,False,1000,2,censor_aware
C,True,ok,817,64,2614.609366625106,CONVERGENCE: NORM OF PROJECTED GRADIENT <= PGTOL,False,1000,2,censor_aware
A,True,ok,3451,194,8495.03238689737,CONVERGENCE: NORM OF PROJECTED GRADIENT <= PGTOL,False,3000,2,naive
B,True,ok,3165,270,9443.66450383654,CONVERGENCE: RELATIVE REDUCTION OF F <= FACTR*EPSMCH,False,3000,2,naive
C,True,ok,2411,192,7489.423330073447,CONVERGENCE: RELATIVE REDUCTION OF F <= FACTR*EPSMCH,False,3000,2,naive
A,True,ok,3451,194,8655.672722679756,CONVERGENCE: NORM OF PROJECTED GRADIENT <= PGTOL,False,3000,2,censor_aware
B,True,ok,3165,270,9738.028311150403,CONVERGENCE: RELATIVE REDUCTION OF F <= FACTR*EPSMCH,False,3000,2,censor_aware
C,True,ok,2411,192,7742.06394112938,CONVERGENCE: NORM OF PROJECTED GRADIENT <= PGTOL,False,3000,2,censor_aware
A,False,insufficient_data,6,0,,,,5,3,naive
B,False,insufficient_data,4,1,,,,5,3,naive
C,False,insufficient_data,2,2,,,,5,3,naive
A,False,insufficient_data,6,0,,,,5,3,censor_aware
B,False,insufficient_data,4,1,,,,5,3,censor_aware
C,False,insufficient_data,2,2,,,,5,3,censor_aware
A,True,ok,14,0,25.895212609134028,CONVERGENCE: NORM OF PROJECTED GRADIENT <= PGTOL,False,10,3,naive
B,False,insufficient_data,10,2,,,,10,3,naive
C,True,ok,6,3,17.743883795503542,CONVERGENCE: NORM OF PROJECTED GRADIENT <= PGTOL,False,10,3,naive
A,True,ok,14,0,25.895212609134028,CONVERGENCE: NORM OF PROJECTED GRADIENT <= PGTOL,False,10,3,censor_aware
B,False,insufficient_data,10,2,,,,10,3,censor_aware
C,True,ok,6,3,23.15295719491744,CONVERGENCE: NORM OF PROJECTED GRADIENT <= PGTOL,False,10,3,censor_aware
A,True,ok,32,3,73.31609226446514,CONVERGENCE: NORM OF PROJECTED GRADIENT <= PGTOL,False,30,3,naive
B,True,ok,24,3,63.07832729347467,CONVERGENCE: RELATIVE REDUCTION OF F <= FACTR*EPSMCH,False,30,3,naive
C,True,ok,23,5,78.29331247525086,CONVERGENCE: NORM OF PROJECTED GRADIENT <= PGTOL,False,30,3,naive
A,True,ok,32,3,76.6085853367924,CONVERGENCE: NORM OF PROJECTED GRADIENT <= PGTOL,False,30,3,censor_aware
B,True,ok,24,3,66.73911375304077,CONVERGENCE: RELATIVE REDUCTION OF F <= FACTR*EPSMCH,False,30,3,censor_aware
C,True,ok,23,5,86.49507979141255,CONVERGENCE: NORM OF PROJECTED GRADIENT <= PGTOL,False,30,3,censor_aware
A,True,ok,59,3,145.2847372450829,CONVERGENCE: NORM OF PROJECTED GRADIENT <= PGTOL,False,50,3,naive
B,True,ok,45,5,117.44585636949363,CONVERGENCE: RELATIVE REDUCTION OF F <= FACTR*EPSMCH,False,50,3,naive
C,True,ok,40,7,134.42226347425265,CONVERGENCE: NORM OF PROJECTED GRADIENT <= PGTOL,False,50,3,naive
A,True,ok,59,3,148.07231117274367,CONVERGENCE: NORM OF PROJECTED GRADIENT <= PGTOL,False,50,3,censor_aware
B,True,ok,45,5,124.69050505095105,CONVERGENCE: RELATIVE REDUCTION OF F <= FACTR*EPSMCH,False,50,3,censor_aware
C,True,ok,40,7,144.60827472240982,CONVERGENCE: NORM OF PROJECTED GRADIENT <= PGTOL,False,50,3,censor_aware
A,True,ok,115,7,262.3085677404399,CONVERGENCE: NORM OF PROJECTED GRADIENT <= PGTOL,False,100,3,naive
B,True,ok,108,9,314.4142906082235,CONVERGENCE: NORM OF PROJECTED GRADIENT <= PGTOL,False,100,3,naive
C,True,ok,81,11,254.7475627842034,CONVERGENCE: NORM OF PROJECTED GRADIENT <= PGTOL,False,100,3,naive
A,True,ok,115,7,268.2051522801098,CONVERGENCE: NORM OF PROJECTED GRADIENT <= PGTOL,False,100,3,censor_aware
B,True,ok,108,9,325.6743027803136,CONVERGENCE: RELATIVE REDUCTION OF F <= FACTR*EPSMCH,False,100,3,censor_aware
C,True,ok,81,11,272.3605607114127,CONVERGENCE: NORM OF PROJECTED GRADIENT <= PGTOL,False,100,3,censor_aware
A,True,ok,348,17,820.7145508906198,CONVERGENCE: NORM OF PROJECTED GRADIENT <= PGTOL,False,300,3,naive
B,True,ok,322,25,936.2528899847739,CONVERGENCE: RELATIVE REDUCTION OF F <= FACTR*EPSMCH,False,300,3,naive
C,True,ok,258,28,810.1617763368824,CONVERGENCE: NORM OF PROJECTED GRADIENT <= PGTOL,False,300,3,naive
A,True,ok,348,17,836.6207488205152,CONVERGENCE: NORM OF PROJECTED GRADIENT <= PGTOL,False,300,3,censor_aware
B,True,ok,322,25,971.3182669022236,CONVERGENCE: RELATIVE REDUCTION OF F <= FACTR*EPSMCH,False,300,3,censor_aware
C,True,ok,258,28,846.6513891036855,CONVERGENCE: NORM OF PROJECTED GRADIENT <= PGTOL,False,300,3,censor_aware
A,True,ok,1164,52,2790.6617872794604,CONVERGENCE: NORM OF PROJECTED GRADIENT <= PGTOL,False,1000,3,naive
B,True,ok,1079,77,3241.8739599569085,CONVERGENCE: RELATIVE REDUCTION OF F <= FACTR*EPSMCH,False,1000,3,naive
C,True,ok,846,85,2638.4045489259665,CONVERGENCE: NORM OF PROJECTED GRADIENT <= PGTOL,False,1000,3,naive
A,True,ok,1164,52,2841.6617641990565,CONVERGENCE: NORM OF PROJECTED GRADIENT <= PGTOL,False,1000,3,censor_aware
B,True,ok,1079,77,3331.4186006019277,CONVERGENCE: RELATIVE REDUCTION OF F <= FACTR*EPSMCH,False,1000,3,censor_aware
C,True,ok,846,85,2753.638294016423,CONVERGENCE: NORM OF PROJECTED GRADIENT <= PGTOL,False,1000,3,censor_aware
A,True,ok,3514,152,8586.599859552854,CONVERGENCE: NORM OF PROJECTED GRADIENT <= PGTOL,False,3000,3,naive
B,True,ok,3276,255,9890.755602892938,CONVERGENCE: RELATIVE REDUCTION OF F <= FACTR*EPSMCH,False,3000,3,naive
C,True,ok,2484,232,7713.308089143349,CONVERGENCE: NORM OF PROJECTED GRADIENT <= PGTOL,False,3000,3,naive
A,True,ok,3514,152,8713.972184056574,CONVERGENCE: NORM OF PROJECTED GRADIENT <= PGTOL,False,3000,3,censor_aware
B,True,ok,3276,255,10145.312240578043,CONVERGENCE: RELATIVE REDUCTION OF F <= FACTR*EPSMCH,False,3000,3,censor_aware
C,True,ok,2484,232,8018.666478580149,CONVERGENCE: NORM OF PROJECTED GRADIENT <= PGTOL,False,3000,3,censor_aware
A,False,insufficient_data,8,0,,,,5,4,naive
B,False,insufficient_data,11,1,,,,5,4,naive
C,True,ok,9,0,25.61643776037176,CONVERGENCE: NORM OF PROJECTED GRADIENT <= PGTOL,False,5,4,naive
A,False,insufficient_data,8,0,,,,5,4,censor_aware
B,False,insufficient_data,11,1,,,,5,4,censor_aware
C,True,ok,9,0,25.61643776037176,CONVERGENCE: NORM OF PROJECTED GRADIENT <= PGTOL,False,5,4,censor_aware
A,False,insufficient_data,14,0,,,,10,4,naive
B,True,ok,17,2,48.750964350290005,CONVERGENCE: RELATIVE REDUCTION OF F <= FACTR*EPSMCH,False,10,4,naive
C,True,ok,11,0,36.54087549583775,CONVERGENCE: NORM OF PROJECTED GRADIENT <= PGTOL,False,10,4,naive
A,False,insufficient_data,14,0,,,,10,4,censor_aware
B,True,ok,17,2,51.773117193540784,CONVERGENCE: RELATIVE REDUCTION OF F <= FACTR*EPSMCH,False,10,4,censor_aware
C,True,ok,11,0,36.54087549583775,CONVERGENCE: NORM OF PROJECTED GRADIENT <= PGTOL,False,10,4,censor_aware
A,True,ok,39,0,92.73027779771775,CONVERGENCE: NORM OF PROJECTED GRADIENT <= PGTOL,False,30,4,naive
B,True,ok,44,3,123.57669095765333,CONVERGENCE: RELATIVE REDUCTION OF F <= FACTR*EPSMCH,False,30,4,naive
C,True,ok,30,3,99.61747534224767,CONVERGENCE: NORM OF PROJECTED GRADIENT <= PGTOL,False,30,4,naive
A,True,ok,39,0,92.73027779771775,CONVERGENCE: NORM OF PROJECTED GRADIENT <= PGTOL,False,30,4,censor_aware
B,True,ok,44,3,127.93397282471038,CONVERGENCE: RELATIVE REDUCTION OF F <= FACTR*EPSMCH,False,30,4,censor_aware
C,True,ok,30,3,102.41842963221396,CONVERGENCE: NORM OF PROJECTED GRADIENT <= PGTOL,False,30,4,censor_aware
A,True,ok,55,5,144.62847863055168,CONVERGENCE: NORM OF PROJECTED GRADIENT <= PGTOL,False,50,4,naive
B,True,ok,59,3,169.14685939911652,CONVERGENCE: RELATIVE REDUCTION OF F <= FACTR*EPSMCH,False,50,4,naive
C,True,ok,42,5,137.71987813909058,CONVERGENCE: NORM OF PROJECTED GRADIENT <= PGTOL,False,50,4,naive
A,True,ok,55,5,146.78570192833175,CONVERGENCE: NORM OF PROJECTED GRADIENT <= PGTOL,False,50,4,censor_aware
B,True,ok,59,3,173.36747141356076,CONVERGENCE: RELATIVE REDUCTION OF F <= FACTR*EPSMCH,False,50,4,censor_aware
C,True,ok,42,5,141.99594800368513,CONVERGENCE: NORM OF PROJECTED GRADIENT <= PGTOL,False,50,4,censor_aware
A,True,ok,111,8,293.9041677184117,CONVERGENCE: NORM OF PROJECTED GRADIENT <= PGTOL,False,100,4,naive
B,True,ok,103,8,307.2611483111724,CONVERGENCE: RELATIVE REDUCTION OF F <= FACTR*EPSMCH,False,100,4,naive
C,True,ok,79,9,248.36139052151407,CONVERGENCE: NORM OF PROJECTED GRADIENT <= PGTOL,False,100,4,naive
A,True,ok,111,8,297.41026640801135,CONVERGENCE: NORM OF PROJECTED GRADIENT <= PGTOL,False,100,4,censor_aware
B,True,ok,103,8,316.9166513113978,CONVERGENCE: RELATIVE REDUCTION OF F <= FACTR*EPSMCH,False,100,4,censor_aware
C,True,ok,79,9,258.977745182274,CONVERGENCE: NORM OF PROJECTED GRADIENT <= PGTOL,False,100,4,censor_aware
A,True,ok,347,17,859.4682645415031,CONVERGENCE: NORM OF PROJECTED GRADIENT <= PGTOL,False,300,4,naive
B,True,ok,315,23,930.1208240119223,CONVERGENCE: RELATIVE REDUCTION OF F <= FACTR*EPSMCH,False,300,4,naive
C,True,ok,237,27,728.4937363522515,CONVERGENCE: RELATIVE REDUCTION OF F <= FACTR*EPSMCH,False,300,4,naive
A,True,ok,347,17,873.8056843024084,CONVERGENCE: NORM OF PROJECTED GRADIENT <= PGTOL,False,300,4,censor_aware
B,True,ok,315,23,957.1586388441128,CONVERGENCE: RELATIVE REDUCTION OF F <= FACTR*EPSMCH,False,300,4,censor_aware
C,True,ok,237,27,763.122165025614,CONVERGENCE: NORM OF PROJECTED GRADIENT <= PGTOL,False,300,4,censor_aware
A,True,ok,1159,57,2896.6676891707393,CONVERGENCE: NORM OF PROJECTED GRADIENT <= PGTOL,False,1000,4,naive
B,True,ok,1064,85,3189.3677387034304,CONVERGENCE: RELATIVE REDUCTION OF F <= FACTR*EPSMCH,True,1000,4,naive
C,True,ok,813,71,2476.2302953463213,CONVERGENCE: RELATIVE REDUCTION OF F <= FACTR*EPSMCH,False,1000,4,naive
A,True,ok,1159,57,2955.9271895347124,CONVERGENCE: NORM OF PROJECTED GRADIENT <= PGTOL,False,1000,4,censor_aware
B,True,ok,1064,85,3289.733420004025,CONVERGENCE: RELATIVE REDUCTION OF F <= FACTR*EPSMCH,False,1000,4,censor_aware
C,True,ok,813,71,2583.184728019904,CONVERGENCE: NORM OF PROJECTED GRADIENT <= PGTOL,False,1000,4,censor_aware
A,True,ok,3528,169,8764.81608566603,CONVERGENCE: NORM OF PROJECTED GRADIENT <= PGTOL,False,3000,4,naive
B,True,ok,3248,260,9725.455178158849,CONVERGENCE: RELATIVE REDUCTION OF F <= FACTR*EPSMCH,False,3000,4,naive
C,True,ok,2498,219,7699.649765678278,CONVERGENCE: NORM OF PROJECTED GRADIENT <= PGTOL,False,3000,4,naive
A,True,ok,3528,169,8924.785922540394,CONVERGENCE: NORM OF PROJECTED GRADIENT <= PGTOL,False,3000,4,censor_aware
B,True,ok,3248,260,10011.199016282613,CONVERGENCE: RELATIVE REDUCTION OF F <= FACTR*EPSMCH,False,3000,4,censor_aware
C,True,ok,2498,219,7989.718212985572,CONVERGENCE: NORM OF PROJECTED GRADIENT <= PGTOL,False,3000,4,censor_aware
