transition,distribution,parameter,truth,estimate,relative_error,n_completed,n_traces,repeat,method
A→B,exponential,mean,2.0,2.5014712226272864,0.2507356113136432,7,5,0,naive
A→C,lognormal,median,5.0,,,0,5,0,naive
A→C,lognormal,sigma,0.5,,,0,5,0,naive
B→A,uniform,low,1.0,,,2,5,0,naive
B→A,uniform,high,3.0,,,2,5,0,naive
B→C,gamma,shape,2.0,,,4,5,0,naive
B→C,gamma,scale,1.5,,,4,5,0,naive
B→D,weibull,shape,1.5,,,1,5,0,naive
B→D,weibull,scale,10.0,,,1,5,0,naive
C→B,exponential,mean,3.0,4.513276007182066,0.5044253357273553,1,5,0,naive
C→D,weibull,shape,0.8,0.48424563476718185,0.3946929565410227,3,5,0,naive
C→D,weibull,scale,6.0,1.498098833784354,0.750316861035941,3,5,0,naive
A→B,exponential,mean,2.0,2.5014712226272864,0.2507356113136432,7,5,0,censor_aware
A→C,lognormal,median,5.0,,,0,5,0,censor_aware
A→C,lognormal,sigma,0.5,,,0,5,0,censor_aware
B→A,uniform,low,1.0,,,2,5,0,censor_aware
B→A,uniform,high,3.0,,,2,5,0,censor_aware
B→C,gamma,shape,2.0,,,4,5,0,censor_aware
B→C,gamma,scale,1.5,,,4,5,0,censor_aware
B→D,weibull,shape,1.5,,,1,5,0,censor_aware
B→D,weibull,scale,10.0,,,1,5,0,censor_aware
C→B,exponential,mean,3.0,4.513276007182066,0.5044253357273553,1,5,0,censor_aware
C→D,weibull,shape,0.8,0.48424563476718185,0.3946929565410227,3,5,0,censor_aware
C→D,weibull,scale,6.0,1.498098833784354,0.750316861035941,3,5,0,censor_aware
A→B,exponential,mean,2.0,,,11,10,0,naive
A→C,lognormal,median,5.0,,,1,10,0,naive
A→C,lognormal,sigma,0.5,,,1,10,0,naive
B→A,uniform,low,1.0,,,2,10,0,naive
B→A,uniform,high,3.0,,,2,10,0,naive
B→C,gamma,shape,2.0,,,8,10,0,naive
B→C,gamma,scale,1.5,,,8,10,0,naive
B→D,weibull,shape,1.5,,,2,10,0,naive
B→D,weibull,scale,10.0,,,2,10,0,naive
C→B,exponential,mean,3.0,2.347966387773696,0.21734453740876805,2,10,0,naive
C→D,weibull,shape,0.8,0.7962054789504266,0.0047431513119668145,7,10,0,naive
C→D,weibull,scale,6.0,3.1559713460745638,0.4740047756542394,7,10,0,naive
A→B,exponential,mean,2.0,,,11,10,0,censor_aware
A→C,lognormal,median,5.0,,,1,10,0,censor_aware
A→C,lognormal,sigma,0.5,,,1,10,0,censor_aware
B→A,uniform,low,1.0,,,2,10,0,censor_aware
B→A,uniform,high,3.0,,,2,10,0,censor_aware
B→C,gamma,shape,2.0,,,8,10,0,censor_aware
B→C,gamma,scale,1.5,,,8,10,0,censor_aware
B→D,weibull,shape,1.5,,,2,10,0,censor_aware
B→D,weibull,scale,10.0,,,2,10,0,censor_aware
C→B,exponential,mean,3.0,2.347966387773696,0.21734453740876805,2,10,0,censor_aware
C→D,weibull,shape,0.8,0.7962054789504266,0.0047431513119668145,7,10,0,censor_aware
C→D,weibull,scale,6.0,3.1559713460745638,0.4740047756542394,7,10,0,censor_aware
A→B,exponential,mean,2.0,2.237411206168135,0.11870560308406741,29,30,0,naive
A→C,lognormal,median,5.0,4.722814249395582,0.05543715012088359,7,30,0,naive
A→C,lognormal,sigma,0.5,0.4712494428876006,0.057501114224798755,7,30,0,naive
B→A,uniform,low,1.0,1.170712323452969,0.17071232345296905,6,30,0,naive
B→A,uniform,high,3.0,2.462481388803784,0.1791728703987386,6,30,0,naive
B→C,gamma,shape,2.0,1.440961081280135,0.2795194593599325,21,30,0,naive
B→C,gamma,scale,1.5,1.4671297192740882,0.021913520483941202,21,30,0,naive
B→D,weibull,shape,1.5,1.4028569853760506,0.06476200974929958,6,30,0,naive
B→D,weibull,scale,10.0,14.152226855247411,0.4152226855247411,6,30,0,naive
C→B,exponential,mean,3.0,3.2425742525597507,0.08085808418658358,7,30,0,naive
C→D,weibull,shape,0.8,0.8278094012420089,0.03476175155251102,20,30,0,naive
C→D,weibull,scale,6.0,3.4531635323620273,0.4244727446063288,20,30,0,naive
A→B,exponential,mean,2.0,2.237411206168135,0.11870560308406741,29,30,0,censor_aware
A→C,lognormal,median,5.0,4.722814249395582,0.05543715012088359,7,30,0,censor_aware
A→C,lognormal,sigma,0.5,0.4712494428876006,0.057501114224798755,7,30,0,censor_aware
B→A,uniform,low,1.0,1.170712323452969,0.17071232345296905,6,30,0,censor_aware
B→A,uniform,high,3.0,2.462481436134895,0.17917285462170174,6,30,0,censor_aware
B→C,gamma,shape,2.0,1.457036294723343,0.27148185263832847,21,30,0,censor_aware
B→C,gamma,scale,1.5,1.486544166440028,0.008970555706647954,21,30,0,censor_aware
B→D,weibull,shape,1.5,1.4846048220210968,0.010263451985935479,6,30,0,censor_aware
B→D,weibull,scale,10.0,14.95895177920319,0.495895177920319,6,30,0,censor_aware
C→B,exponential,mean,3.0,3.246035529646267,0.08201184321542228,7,30,0,censor_aware
C→D,weibull,shape,0.8,0.6806546173160772,0.1491817283549035,20,30,0,censor_aware
C→D,weibull,scale,6.0,4.363210528487216,0.27279824525213064,20,30,0,censor_aware
A→B,exponential,mean,2.0,2.0739643967658514,0.03698219838292571,52,50,0,naive
A→C,lognormal,median,5.0,5.088669073758606,0.017733814751721155,14,50,0,naive
A→C,lognormal,sigma,0.5,0.411743056880904,0.17651388623819197,14,50,0,naive
B→A,uniform,low,1.0,1.170712323452969,0.17071232345296905,17,50,0,naive
B→A,uniform,high,3.0,2.7424151931092675,0.08586160229691082,17,50,0,naive
B→C,gamma,shape,2.0,1.5817242430110208,0.20913787849448962,34,50,0,naive
B→C,gamma,scale,1.5,1.5663316252830388,0.04422108352202588,34,50,0,naive
B→D,weibull,shape,1.5,1.2854132747036398,0.14305781686424016,13,50,0,naive
B→D,weibull,scale,10.0,9.663025708051796,0.0336974291948204,13,50,0,naive
C→B,exponential,mean,3.0,3.349825711170737,0.11660857039024568,15,50,0,naive
C→D,weibull,shape,0.8,0.7638715635911673,0.045160545511040984,31,50,0,naive
C→D,weibull,scale,6.0,4.9784192608277245,0.17026345652871258,31,50,0,naive
A→B,exponential,mean,2.0,2.11404381804139,0.05702190902069493,52,50,0,censor_aware
A→C,lognormal,median,5.0,5.175347278622919,0.035069455724583774,14,50,0,censor_aware
A→C,lognormal,sigma,0.5,0.4135853843824216,0.1728292312351568,14,50,0,censor_aware
B→A,uniform,low,1.0,1.170712323452969,0.17071232345296905,17,50,0,censor_aware
B→A,uniform,high,3.0,2.7424152295882256,0.08586159013725814,17,50,0,censor_aware
B→C,gamma,shape,2.0,1.5840323069455882,0.20798384652720592,34,50,0,censor_aware
B→C,gamma,scale,1.5,1.5873358985179702,0.05822393234531346,34,50,0,censor_aware
B→D,weibull,shape,1.5,1.3175295054822869,0.12164699634514209,13,50,0,censor_aware
B→D,weibull,scale,10.0,10.120590069822358,0.012059006982235766,13,50,0,censor_aware
C→B,exponential,mean,3.0,3.383148668410303,0.1277162228034343,15,50,0,censor_aware
C→D,weibull,shape,0.8,0.7141631287549304,0.10729608905633709,31,50,0,censor_aware
C→D,weibull,scale,6.0,5.74763651613945,0.04206058064342496,31,50,0,censor_aware
A→B,exponential,mean,2.0,2.0456461585909254,0.022823079295462678,95,100,0,naive
A→C,lognormal,median,5.0,4.907511921501042,0.01849761569979158,31,100,0,naive
A→C,lognormal,sigma,0.5,0.4712754479263483,0.05744910414730342,31,100,0,naive
B→A,uniform,low,1.0,1.170712323452969,0.17071232345296905,27,100,0,naive
B→A,uniform,high,3.0,2.9069917387777573,0.03100275374074757,27,100,0,naive
B→C,gamma,shape,2.0,1.7543383745292165,0.12283081273539176,64,100,0,naive
B→C,gamma,scale,1.5,1.5354151060234449,0.02361007068229659,64,100,0,naive
B→D,weibull,shape,1.5,1.1386624961345972,0.24089166924360184,29,100,0,naive
B→D,weibull,scale,10.0,8.436383219065828,0.15636167809341722,29,100,0,naive
C→B,exponential,mean,3.0,2.9977011075840134,0.0007662974719955251,33,100,0,naive
C→D,weibull,shape,0.8,0.7522257395116616,0.05971782561042305,55,100,0,naive
C→D,weibull,scale,6.0,4.73063759218209,0.21156040130298503,55,100,0,naive
A→B,exponential,mean,2.0,2.0653019204114296,0.032650960205714785,95,100,0,censor_aware
A→C,lognormal,median,5.0,4.95553881760325,0.008892236479350047,31,100,0,censor_aware
A→C,lognormal,sigma,0.5,0.4725782593182056,0.05484348136358885,31,100,0,censor_aware
B→A,uniform,low,1.0,1.170712323452969,0.17071232345296905,27,100,0,censor_aware
B→A,uniform,high,3.0,2.906991830816944,0.031002723061018738,27,100,0,censor_aware
B→C,gamma,shape,2.0,1.7756917463664532,0.11215412681677339,64,100,0,censor_aware
B→C,gamma,scale,1.5,1.5429010419918605,0.02860069466124034,64,100,0,censor_aware
B→D,weibull,shape,1.5,1.161013696800932,0.2259908687993787,29,100,0,censor_aware
B→D,weibull,scale,10.0,8.739449664326225,0.12605503356737752,29,100,0,censor_aware
C→B,exponential,mean,3.0,3.0934625920828,0.031154197360933278,33,100,0,censor_aware
C→D,weibull,shape,0.8,0.7322736586873195,0.08465792664085064,55,100,0,censor_aware
C→D,weibull,scale,6.0,5.374723724600679,0.10421271256655344,55,100,0,censor_aware
A→B,exponential,mean,2.0,1.8609576990641379,0.06952115046793106,266,300,0,naive
A→C,lognormal,median,5.0,4.656354039468057,0.06872919210638866,98,300,0,naive
A→C,lognormal,sigma,0.5,0.47704433752458364,0.04591132495083272,98,300,0,naive
B→A,uniform,low,1.0,1.0208155139335862,0.02081551393358616,81,300,0,naive
B→A,uniform,high,3.0,2.993151887323843,0.002282704225385679,81,300,0,naive
B→C,gamma,shape,2.0,1.9309910666284689,0.03450446668576557,182,300,0,naive
B→C,gamma,scale,1.5,1.504704971186172,0.0031366474574479795,182,300,0,naive
B→D,weibull,shape,1.5,1.324390266520811,0.11707315565279271,89,300,0,naive
B→D,weibull,scale,10.0,7.9112330886047895,0.20887669113952106,89,300,0,naive
C→B,exponential,mean,3.0,3.1696128014786225,0.05653760049287415,104,300,0,naive
C→D,weibull,shape,0.8,0.796910929041389,0.0038613386982637443,156,300,0,naive
C→D,weibull,scale,6.0,4.718703921935538,0.21354934634407696,156,300,0,naive
A→B,exponential,mean,2.0,1.9295278174761308,0.03523609126193461,266,300,0,censor_aware
A→C,lognormal,median,5.0,4.770245822144278,0.04595083557114439,98,300,0,censor_aware
A→C,lognormal,sigma,0.5,0.4796888536649562,0.040622292670087545,98,300,0,censor_aware
B→A,uniform,low,1.0,1.0208155139335862,0.02081551393358616,81,300,0,censor_aware
B→A,uniform,high,3.0,2.993151785799948,0.002282738066684035,81,300,0,censor_aware
B→C,gamma,shape,2.0,1.9267183393582468,0.036640830320876616,182,300,0,censor_aware
B→C,gamma,scale,1.5,1.5381971881509333,0.02546479210062221,182,300,0,censor_aware
B→D,weibull,shape,1.5,1.3527400496395334,0.09817330024031105,89,300,0,censor_aware
B→D,weibull,scale,10.0,8.283555034763223,0.1716444965236777,89,300,0,censor_aware
C→B,exponential,mean,3.0,3.2921029731400093,0.09736765771333644,104,300,0,censor_aware
C→D,weibull,shape,0.8,0.7740718705053323,0.03241016186833465,156,300,0,censor_aware
C→D,weibull,scale,6.0,5.397399196679566,0.10043346722007233,156,300,0,censor_aware
A→B,exponential,mean,2.0,1.9103904415734525,0.04480477921327375,854,1000,0,naive
A→C,lognormal,median,5.0,4.70816918791244,0.05836616241751198,334,1000,0,naive
A→C,lognormal,sigma,0.5,0.4737669175658366,0.05246616486832678,334,1000,0,naive
B→A,uniform,low,1.0,1.0003688328268119,0.00036883282681188234,239,1000,0,naive
B→A,uniform,high,3.0,2.997576219934805,0.0008079266883983157,239,1000,0,naive
B→C,gamma,shape,2.0,1.994544969456499,0.0027275152717505247,564,1000,0,naive
B→C,gamma,scale,1.5,1.4786573132142804,0.0142284578571464,564,1000,0,naive
B→D,weibull,shape,1.5,1.4034374166534878,0.06437505556434149,308,1000,0,naive
B→D,weibull,scale,10.0,9.27074060463763,0.07292593953623694,308,1000,0,naive
C→B,exponential,mean,3.0,2.975705560764655,0.0080981464117816,319,1000,0,naive
C→D,weibull,shape,0.8,0.8293254214537119,0.03665677681713983,497,1000,0,naive
C→D,weibull,scale,6.0,5.0032765949997025,0.16612056750004958,497,1000,0,naive
A→B,exponential,mean,2.0,1.9709309543781155,0.014534522810942252,854,1000,0,censor_aware
A→C,lognormal,median,5.0,4.832898695989858,0.03342026080202842,334,1000,0,censor_aware
A→C,lognormal,sigma,0.5,0.48415044000505025,0.031699119989899494,334,1000,0,censor_aware
B→A,uniform,low,1.0,1.0003688328268119,0.00036883282681188234,239,1000,0,censor_aware
B→A,uniform,high,3.0,2.997576345071391,0.0008078849762029883,239,1000,0,censor_aware
B→C,gamma,shape,2.0,1.9914956153002554,0.004252192349872286,564,1000,0,censor_aware
B→C,gamma,scale,1.5,1.5066874458313184,0.004458297220878944,564,1000,0,censor_aware
B→D,weibull,shape,1.5,1.426012367313579,0.04932508845761404,308,1000,0,censor_aware
B→D,weibull,scale,10.0,9.788606926606073,0.021139307339392666,308,1000,0,censor_aware
C→B,exponential,mean,3.0,3.1396874265819683,0.04656247552732277,319,1000,0,censor_aware
C→D,weibull,shape,0.8,0.7883602867517009,0.014549641560373944,497,1000,0,censor_aware
C→D,weibull,scale,6.0,6.167352513206837,0.027892085534472866,497,1000,0,censor_aware
A→B,exponential,mean,2.0,1.882642886124562,0.05867855693771895,2601,3000,0,naive
A→C,lognormal,median,5.0,4.770808148564318,0.04583837028713642,981,3000,0,naive
A→C,lognormal,sigma,0.5,0.4749063253687609,0.050187349262478254,981,3000,0,naive
B→A,uniform,low,1.0,1.0003688328268119,0.00036883282681188234,744,3000,0,naive
B→A,uniform,high,3.0,2.9980715898419814,0.0006428033860061966,744,3000,0,naive
B→C,gamma,shape,2.0,2.0159823623298854,0.007991181164942684,1713,3000,0,naive
B→C,gamma,scale,1.5,1.459707763226046,0.026861491182635994,1713,3000,0,naive
B→D,weibull,shape,1.5,1.4448037528588393,0.036797498094107116,938,3000,0,naive
B→D,weibull,scale,10.0,9.37308163084178,0.06269183691582203,938,3000,0,naive
C→B,exponential,mean,3.0,2.976257316055257,0.007914227981580998,1032,3000,0,naive
C→D,weibull,shape,0.8,0.8330038074515195,0.041254759314399286,1450,3000,0,naive
C→D,weibull,scale,6.0,5.0481494761063805,0.1586417539822699,1450,3000,0,naive
A→B,exponential,mean,2.0,1.945113273747131,0.027443363126434472,2601,3000,0,censor_aware
A→C,lognormal,median,5.0,4.902140527993729,0.01957189440125422,981,3000,0,censor_aware
A→C,lognormal,sigma,0.5,0.4844445247584929,0.031110950483014155,981,3000,0,censor_aware
B→A,uniform,low,1.0,1.0003688328268119,0.00036883282681188234,744,3000,0,censor_aware
B→A,uniform,high,3.0,2.998071420546089,0.0006428598179703352,744,3000,0,censor_aware
B→C,gamma,shape,2.0,2.0083371389925273,0.004168569496263652,1713,3000,0,censor_aware
B→C,gamma,scale,1.5,1.4996570149681039,0.00022865668793074315,1713,3000,0,censor_aware
B→D,weibull,shape,1.5,1.4749447880265012,0.0167034746489992,938,3000,0,censor_aware
B→D,weibull,scale,10.0,10.070973958945542,0.0070973958945542035,938,3000,0,censor_aware
C→B,exponential,mean,3.0,3.1206981216312455,0.040232707210415164,1032,3000,0,censor_aware
C→D,weibull,shape,0.8,0.8080191285489353,0.01002391068616909,1450,3000,0,censor_aware
C→D,weibull,scale,6.0,5.946354905306393,0.008940849115601187,1450,3000,0,censor_aware
A→B,exponential,mean,2.0,,,2,5,1,naive
A→C,lognormal,median,5.0,,,2,5,1,naive
A→C,lognormal,sigma,0.5,,,2,5,1,naive
B→A,uniform,low,1.0,,,0,5,1,naive
B→A,uniform,high,3.0,,,0,5,1,naive
B→C,gamma,shape,2.0,,,6,5,1,naive
B→C,gamma,scale,1.5,,,6,5,1,naive
B→D,weibull,shape,1.5,,,1,5,1,naive
B→D,weibull,scale,10.0,,,1,5,1,naive
C→B,exponential,mean,3.0,3.0185988117026508,0.006199603900883588,5,5,1,naive
C→D,weibull,shape,0.8,0.6551211892475379,0.18109851344057765,3,5,1,naive
C→D,weibull,scale,6.0,6.362868926404376,0.060478154400729345,3,5,1,naive
A→B,exponential,mean,2.0,,,2,5,1,censor_aware
A→C,lognormal,median,5.0,,,2,5,1,censor_aware
A→C,lognormal,sigma,0.5,,,2,5,1,censor_aware
B→A,uniform,low,1.0,,,0,5,1,censor_aware
B→A,uniform,high,3.0,,,0,5,1,censor_aware
B→C,gamma,shape,2.0,,,6,5,1,censor_aware
B→C,gamma,scale,1.5,,,6,5,1,censor_aware
B→D,weibull,shape,1.5,,,1,5,1,censor_aware
B→D,weibull,scale,10.0,,,1,5,1,censor_aware
C→B,exponential,mean,3.0,3.0185988117026508,0.006199603900883588,5,5,1,censor_aware
C→D,weibull,shape,0.8,0.6551211892475379,0.18109851344057765,3,5,1,censor_aware
C→D,weibull,scale,6.0,6.362868926404376,0.060478154400729345,3,5,1,censor_aware
A→B,exponential,mean,2.0,,,7,10,1,naive
A→C,lognormal,median,5.0,,,2,10,1,naive
A→C,lognormal,sigma,0.5,,,2,10,1,naive
B→A,uniform,low,1.0,,,1,10,1,naive
B→A,uniform,high,3.0,,,1,10,1,naive
B→C,gamma,shape,2.0,,,9,10,1,naive
B→C,gamma,scale,1.5,,,9,10,1,naive
B→D,weibull,shape,1.5,,,3,10,1,naive
B→D,weibull,scale,10.0,,,3,10,1,naive
C→B,exponential,mean,3.0,2.5575833276450397,0.1474722241183201,6,10,1,naive
C→D,weibull,shape,0.8,0.6952272466775034,0.13096594165312087,4,10,1,naive
C→D,weibull,scale,6.0,5.293840788381835,0.11769320193636086,4,10,1,naive
A→B,exponential,mean,2.0,,,7,10,1,censor_aware
A→C,lognormal,median,5.0,,,2,10,1,censor_aware
A→C,lognormal,sigma,0.5,,,2,10,1,censor_aware
B→A,uniform,low,1.0,,,1,10,1,censor_aware
B→A,uniform,high,3.0,,,1,10,1,censor_aware
B→C,gamma,shape,2.0,,,9,10,1,censor_aware
B→C,gamma,scale,1.5,,,9,10,1,censor_aware
B→D,weibull,shape,1.5,,,3,10,1,censor_aware
B→D,weibull,scale,10.0,,,3,10,1,censor_aware
C→B,exponential,mean,3.0,2.6951817779038048,0.10160607403206508,6,10,1,censor_aware
C→D,weibull,shape,0.8,0.71872531047598,0.10159336190502508,4,10,1,censor_aware
C→D,weibull,scale,6.0,5.755549666796171,0.0407417222006381,4,10,1,censor_aware
A→B,exponential,mean,2.0,1.938984381248557,0.030507809375721506,20,30,1,naive
A→C,lognormal,median,5.0,4.3663391581795805,0.1267321683640839,11,30,1,naive
A→C,lognormal,sigma,0.5,0.318693806097662,0.362612387804676,11,30,1,naive
B→A,uniform,low,1.0,1.8999022790827516,0.8999022790827516,4,30,1,naive
B→A,uniform,high,3.0,2.9219252416336414,0.02602491945545286,4,30,1,naive
B→C,gamma,shape,2.0,1.9144200124582715,0.04278999377086423,21,30,1,naive
B→C,gamma,scale,1.5,1.4596119972840573,0.02692533514396178,21,30,1,naive
B→D,weibull,shape,1.5,2.8115389354472904,0.8743592902981936,9,30,1,naive
B→D,weibull,scale,10.0,11.263539411663807,0.12635394116638068,9,30,1,naive
C→B,exponential,mean,3.0,2.1940695803403774,0.2686434732198742,16,30,1,naive
C→D,weibull,shape,0.8,0.7742397419132909,0.0322003226083864,15,30,1,naive
C→D,weibull,scale,6.0,5.572812614301919,0.07119789761634676,15,30,1,naive
A→B,exponential,mean,2.0,2.040366849349732,0.020183424674866002,20,30,1,censor_aware
A→C,lognormal,median,5.0,4.373050603397784,0.12538987932044315,11,30,1,censor_aware
A→C,lognormal,sigma,0.5,0.3171847800226814,0.3656304399546372,11,30,1,censor_aware
B→A,uniform,low,1.0,1.8999022790827516,0.8999022790827516,4,30,1,censor_aware
B→A,uniform,high,3.0,2.9219253654147965,0.026024878195067824,4,30,1,censor_aware
B→C,gamma,shape,2.0,1.912842036451542,0.04357898177422903,21,30,1,censor_aware
B→C,gamma,scale,1.5,1.4856962565456937,0.00953582896953753,21,30,1,censor_aware
B→D,weibull,shape,1.5,2.8997958455236277,0.9331972303490851,9,30,1,censor_aware
B→D,weibull,scale,10.0,11.427139997429162,0.14271399974291618,9,30,1,censor_aware
C→B,exponential,mean,3.0,2.2345982453703157,0.2551339182098948,16,30,1,censor_aware
C→D,weibull,shape,0.8,0.783387337737146,0.02076582782856759,15,30,1,censor_aware
C→D,weibull,scale,6.0,5.707496461031006,0.04875058982816564,15,30,1,censor_aware
A→B,exponential,mean,2.0,1.7795623179716225,0.11021884101418877,41,50,1,naive
A→C,lognormal,median,5.0,3.967932060340744,0.20641358793185116,17,50,1,naive
A→C,lognormal,sigma,0.5,0.3879866410626909,0.22402671787461825,17,50,1,naive
B→A,uniform,low,1.0,1.1388156548847146,0.1388156548847146,11,50,1,naive
B→A,uniform,high,3.0,2.9219253556619518,0.026024881446016074,11,50,1,naive
B→C,gamma,shape,2.0,1.602029886857174,0.19898505657141297,33,50,1,naive
B→C,gamma,scale,1.5,1.7358291923196023,0.15721946154640154,33,50,1,naive
B→D,weibull,shape,1.5,2.3892679339071914,0.592845289271461,15,50,1,naive
B→D,weibull,scale,10.0,10.647818685851021,0.06478186858510213,15,50,1,naive
C→B,exponential,mean,3.0,2.286187919917301,0.23793736002756635,23,50,1,naive
C→D,weibull,shape,0.8,0.9174297083934292,0.14678713549178643,25,50,1,naive
C→D,weibull,scale,6.0,5.6265157348946975,0.06224737751755042,25,50,1,naive
A→B,exponential,mean,2.0,1.8365099118815122,0.08174504405924388,41,50,1,censor_aware
A→C,lognormal,median,5.0,3.98109435296235,0.20378112940752996,17,50,1,censor_aware
A→C,lognormal,sigma,0.5,0.38561344205222625,0.2287731158955475,17,50,1,censor_aware
B→A,uniform,low,1.0,1.1388156548847146,0.1388156548847146,11,50,1,censor_aware
B→A,uniform,high,3.0,2.9219254439196076,0.026024852026797458,11,50,1,censor_aware
B→C,gamma,shape,2.0,1.597418490814167,0.20129075459291645,33,50,1,censor_aware
B→C,gamma,scale,1.5,1.8081297030677295,0.20541980204515298,33,50,1,censor_aware
B→D,weibull,shape,1.5,2.4781291656106483,0.6520861104070989,15,50,1,censor_aware
B→D,weibull,scale,10.0,10.841396183807593,0.08413961838075927,15,50,1,censor_aware
C→B,exponential,mean,3.0,2.354209209852927,0.21526359671569098,23,50,1,censor_aware
C→D,weibull,shape,0.8,0.9327953988941065,0.165994248617633,25,50,1,censor_aware
C→D,weibull,scale,6.0,5.843356341716086,0.026107276380652394,25,50,1,censor_aware
A→B,exponential,mean,2.0,1.8085390054923465,0.09573049725382676,76,100,1,naive
A→C,lognormal,median,5.0,4.422771216470859,0.1154457567058282,39,100,1,naive
A→C,lognormal,sigma,0.5,0.4559850359580488,0.08802992808390242,39,100,1,naive
B→A,uniform,low,1.0,1.0452197281532296,0.04521972815322961,21,100,1,naive
B→A,uniform,high,3.0,2.966562493903636,0.011145835365454696,21,100,1,naive
B→C,gamma,shape,2.0,1.8872154293573173,0.05639228532134133,60,100,1,naive
B→C,gamma,scale,1.5,1.5773257222600263,0.05155048150668421,60,100,1,naive
B→D,weibull,shape,1.5,1.699946747572224,0.13329783171481605,27,100,1,naive
B→D,weibull,scale,10.0,11.548957622850542,0.15489576228505425,27,100,1,naive
C→B,exponential,mean,3.0,2.7302327017048746,0.08992243276504179,40,100,1,naive
C→D,weibull,shape,0.8,0.8287246091015136,0.035905761376891915,54,100,1,naive
C→D,weibull,scale,6.0,5.698901532324902,0.05018307794584972,54,100,1,naive
A→B,exponential,mean,2.0,1.8664433665269546,0.06677831673652268,76,100,1,censor_aware
A→C,lognormal,median,5.0,4.513572643248075,0.09728547135038497,39,100,1,censor_aware
A→C,lognormal,sigma,0.5,0.4673659872855517,0.06526802542889665,39,100,1,censor_aware
B→A,uniform,low,1.0,1.0452197281532296,0.04521972815322961,21,100,1,censor_aware
B→A,uniform,high,3.0,2.966562472629935,0.01114584245668837,21,100,1,censor_aware
B→C,gamma,shape,2.0,1.882464296558362,0.058767851720819,60,100,1,censor_aware
B→C,gamma,scale,1.5,1.632828673886003,0.0885524492573353,60,100,1,censor_aware
B→D,weibull,shape,1.5,1.757142334787325,0.17142822319154996,27,100,1,censor_aware
B→D,weibull,scale,10.0,12.010929949783868,0.20109299497838684,27,100,1,censor_aware
C→B,exponential,mean,3.0,2.8035237081423765,0.0654920972858745,40,100,1,censor_aware
C→D,weibull,shape,0.8,0.8188091463131594,0.023511432891449163,54,100,1,censor_aware
C→D,weibull,scale,6.0,6.426101149108587,0.07101685818476448,54,100,1,censor_aware
A→B,exponential,mean,2.0,1.6676268155512222,0.16618659222438892,234,300,1,naive
A→C,lognormal,median,5.0,4.762285336890463,0.04754293262190732,111,300,1,naive
A→C,lognormal,sigma,0.5,0.5175833689261405,0.03516673785228108,111,300,1,naive
B→A,uniform,low,1.0,1.0452197281532296,0.04521972815322961,59,300,1,naive
B→A,uniform,high,3.0,2.971872142908074,0.009375952363975296,59,300,1,naive
B→C,gamma,shape,2.0,1.923132786734254,0.038433606632872985,168,300,1,naive
B→C,gamma,scale,1.5,1.4562500409154544,0.029166639389697064,168,300,1,naive
B→D,weibull,shape,1.5,1.3508131548769349,0.09945789674871008,82,300,1,naive
B→D,weibull,scale,10.0,8.804611468309588,0.1195388531690412,82,300,1,naive
C→B,exponential,mean,3.0,2.6789597003426144,0.10701343321912853,98,300,1,naive
C→D,weibull,shape,0.8,0.7759525969318617,0.03005925383517294,163,300,1,naive
C→D,weibull,scale,6.0,4.994161777038933,0.16763970382684454,163,300,1,naive
A→B,exponential,mean,2.0,1.703466495798333,0.1482667521008335,234,300,1,censor_aware
A→C,lognormal,median,5.0,4.8906314007893,0.021873719842139927,111,300,1,censor_aware
A→C,lognormal,sigma,0.5,0.5312676402564743,0.06253528051294865,111,300,1,censor_aware
B→A,uniform,low,1.0,1.0452197281532296,0.04521972815322961,59,300,1,censor_aware
B→A,uniform,high,3.0,2.9718723115994377,0.009375896133520781,59,300,1,censor_aware
B→C,gamma,shape,2.0,1.9181968865515169,0.04090155672424156,168,300,1,censor_aware
B→C,gamma,scale,1.5,1.495199105215586,0.003200596522942689,168,300,1,censor_aware
B→D,weibull,shape,1.5,1.327906561828291,0.11472895878113931,82,300,1,censor_aware
B→D,weibull,scale,10.0,9.949905135152747,0.0050094864847253,82,300,1,censor_aware
C→B,exponential,mean,3.0,2.7911560578701433,0.06961464737661889,98,300,1,censor_aware
C→D,weibull,shape,0.8,0.777938746448985,0.027576566938768837,163,300,1,censor_aware
C→D,weibull,scale,6.0,5.625520185706469,0.06241330238225521,163,300,1,censor_aware
A→B,exponential,mean,2.0,1.8865370865524802,0.0567314567237599,808,1000,1,naive
A→C,lognormal,median,5.0,4.875667079112363,0.024866584177527427,332,1000,1,naive
A→C,lognormal,sigma,0.5,0.47645766069545675,0.047084678609086494,332,1000,1,naive
B→A,uniform,low,1.0,1.0131135021847875,0.013113502184787462,200,1000,1,naive
B→A,uniform,high,3.0,2.9899243726833786,0.0033585424388737906,200,1000,1,naive
B→C,gamma,shape,2.0,2.008161611591311,0.004080805795655396,591,1000,1,naive
B→C,gamma,scale,1.5,1.4380594550363395,0.04129369664244035,591,1000,1,naive
B→D,weibull,shape,1.5,1.3834795357630278,0.07768030949131477,291,1000,1,naive
B→D,weibull,scale,10.0,9.26412314656788,0.07358768534321207,291,1000,1,naive
C→B,exponential,mean,3.0,2.8697667781312695,0.043411073956243516,345,1000,1,naive
C→D,weibull,shape,0.8,0.7807754992665715,0.024030625916785647,504,1000,1,naive
C→D,weibull,scale,6.0,4.772109771022111,0.20464837149631476,504,1000,1,naive
A→B,exponential,mean,2.0,1.9506203381083584,0.02468983094582078,808,1000,1,censor_aware
A→C,lognormal,median,5.0,4.9813501106438665,0.0037299778712267086,332,1000,1,censor_aware
A→C,lognormal,sigma,0.5,0.4812701932371616,0.03745961352567684,332,1000,1,censor_aware
B→A,uniform,low,1.0,1.0131135021847875,0.013113502184787462,200,1000,1,censor_aware
B→A,uniform,high,3.0,2.9899244643421565,0.0033585118859478236,200,1000,1,censor_aware
B→C,gamma,shape,2.0,2.006276272216151,0.003138136108075562,591,1000,1,censor_aware
B→C,gamma,scale,1.5,1.4654706450037833,0.023019569997477785,591,1000,1,censor_aware
B→D,weibull,shape,1.5,1.3888160694182263,0.07412262038784911,291,1000,1,censor_aware
B→D,weibull,scale,10.0,10.122250929789322,0.012225092978932216,291,1000,1,censor_aware
C→B,exponential,mean,3.0,3.01371725341954,0.004572417806513407,345,1000,1,censor_aware
C→D,weibull,shape,0.8,0.7599688462022647,0.050038942247169205,504,1000,1,censor_aware
C→D,weibull,scale,6.0,5.706183640701509,0.04896939321641517,504,1000,1,censor_aware
A→B,exponential,mean,2.0,1.922836802724939,0.03858159863753052,2545,3000,1,naive
A→C,lognormal,median,5.0,4.871516759416751,0.025696648116649713,993,3000,1,naive
A→C,lognormal,sigma,0.5,0.48752142116799285,0.024957157664014296,993,3000,1,naive
B→A,uniform,low,1.0,1.0016483763573123,0.0016483763573122978,706,3000,1,naive
B→A,uniform,high,3.0,2.9961815796947318,0.001272806768422748,706,3000,1,naive
B→C,gamma,shape,2.0,2.030322511578757,0.015161255789378547,1751,3000,1,naive
B→C,gamma,scale,1.5,1.4264027173849292,0.049064855076713876,1751,3000,1,naive
B→D,weibull,shape,1.5,1.473792289658188,0.01747180689454127,914,3000,1,naive
B→D,weibull,scale,10.0,9.347924418957621,0.06520755810423787,914,3000,1,naive
C→B,exponential,mean,3.0,2.94952051391589,0.016826495361370004,1081,3000,1,naive
C→D,weibull,shape,0.8,0.8015789529041123,0.001973691130140315,1453,3000,1,naive
C→D,weibull,scale,6.0,4.890313113406175,0.18494781443230415,1453,3000,1,naive
A→B,exponential,mean,2.0,1.9821664820801945,0.008916758959902737,2545,3000,1,censor_aware
A→C,lognormal,median,5.0,4.97239193437047,0.005521613125906022,993,3000,1,censor_aware
A→C,lognormal,sigma,0.5,0.4919177820479208,0.016164435904158392,993,3000,1,censor_aware
B→A,uniform,low,1.0,1.0016483763573123,0.0016483763573122978,706,3000,1,censor_aware
B→A,uniform,high,3.0,2.996181714884098,0.0012727617053006253,706,3000,1,censor_aware
B→C,gamma,shape,2.0,2.028830907727838,0.014415453863918959,1751,3000,1,censor_aware
B→C,gamma,scale,1.5,1.4593137116804766,0.02712419221301558,1751,3000,1,censor_aware
B→D,weibull,shape,1.5,1.4782446332097314,0.014503577860179048,914,3000,1,censor_aware
B→D,weibull,scale,10.0,10.151828533064334,0.015182853306433408,914,3000,1,censor_aware
C→B,exponential,mean,3.0,3.0988604181657347,0.03295347272191155,1081,3000,1,censor_aware
C→D,weibull,shape,0.8,0.7877578756958614,0.01530265538017328,1453,3000,1,censor_aware
C→D,weibull,scale,6.0,5.7231243891970385,0.04614593513382692,1453,3000,1,censor_aware
A→B,exponential,mean,2.0,,,5,5,2,naive
A→C,lognormal,median,5.0,,,1,5,2,naive
A→C,lognormal,sigma,0.5,,,1,5,2,naive
B→A,uniform,low,1.0,,,1,5,2,naive
B→A,uniform,high,3.0,,,1,5,2,naive
B→C,gamma,shape,2.0,,,5,5,2,naive
B→C,gamma,scale,1.5,,,5,5,2,naive
B→D,weibull,shape,1.5,,,2,5,2,naive
B→D,weibull,scale,10.0,,,2,5,2,naive
C→B,exponential,mean,3.0,,,4,5,2,naive
C→D,weibull,shape,0.8,,,2,5,2,naive
C→D,weibull,scale,6.0,,,2,5,2,naive
A→B,exponential,mean,2.0,,,5,5,2,censor_aware
A→C,lognormal,median,5.0,,,1,5,2,censor_aware
A→C,lognormal,sigma,0.5,,,1,5,2,censor_aware
B→A,uniform,low,1.0,,,1,5,2,censor_aware
B→A,uniform,high,3.0,,,1,5,2,censor_aware
B→C,gamma,shape,2.0,,,5,5,2,censor_aware
B→C,gamma,scale,1.5,,,5,5,2,censor_aware
B→D,weibull,shape,1.5,,,2,5,2,censor_aware
B→D,weibull,scale,10.0,,,2,5,2,censor_aware
C→B,exponential,mean,3.0,,,4,5,2,censor_aware
C→D,weibull,shape,0.8,,,2,5,2,censor_aware
C→D,weibull,scale,6.0,,,2,5,2,censor_aware
A→B,exponential,mean,2.0,1.906475444983356,0.04676227750832196,9,10,2,naive
A→C,lognormal,median,5.0,3.8981943710609683,0.22036112578780634,3,10,2,naive
A→C,lognormal,sigma,0.5,0.2683149949885747,0.4633700100228506,3,10,2,naive
B→A,uniform,low,1.0,,,3,10,2,naive
B→A,uniform,high,3.0,,,3,10,2,naive
B→C,gamma,shape,2.0,,,7,10,2,naive
B→C,gamma,scale,1.5,,,7,10,2,naive
B→D,weibull,shape,1.5,,,2,10,2,naive
B→D,weibull,scale,10.0,,,2,10,2,naive
C→B,exponential,mean,3.0,3.184065810627402,0.061355270209134005,4,10,2,naive
C→D,weibull,shape,0.8,0.9252201422848985,0.15652517785612302,5,10,2,naive
C→D,weibull,scale,6.0,4.9420033950530735,0.17633276749115442,5,10,2,naive
A→B,exponential,mean,2.0,1.9269122461575798,0.03654387692121008,9,10,2,censor_aware
A→C,lognormal,median,5.0,3.8981943407814748,0.22036113184370504,3,10,2,censor_aware
A→C,lognormal,sigma,0.5,0.26831499318529045,0.4633700136294191,3,10,2,censor_aware
B→A,uniform,low,1.0,,,3,10,2,censor_aware
B→A,uniform,high,3.0,,,3,10,2,censor_aware
B→C,gamma,shape,2.0,,,7,10,2,censor_aware
B→C,gamma,scale,1.5,,,7,10,2,censor_aware
B→D,weibull,shape,1.5,,,2,10,2,censor_aware
B→D,weibull,scale,10.0,,,2,10,2,censor_aware
C→B,exponential,mean,3.0,3.2439368426846946,0.08131228089489821,4,10,2,censor_aware
C→D,weibull,shape,0.8,0.9464683635217858,0.18308545440223215,5,10,2,censor_aware
C→D,weibull,scale,6.0,5.068495577230836,0.155250737128194,5,10,2,censor_aware
A→B,exponential,mean,2.0,2.481552356157826,0.24077617807891305,25,30,2,naive
A→C,lognormal,median,5.0,6.0591894101644295,0.2118378820328859,6,30,2,naive
A→C,lognormal,sigma,0.5,0.48106013953412796,0.037879720931744076,6,30,2,naive
B→A,uniform,low,1.0,1.4565251218668904,0.4565251218668904,5,30,2,naive
B→A,uniform,high,3.0,2.6933772934138305,0.10220756886205651,5,30,2,naive
B→C,gamma,shape,2.0,3.0788464016051664,0.5394232008025832,18,30,2,naive
B→C,gamma,scale,1.5,0.723893272324144,0.5174044851172374,18,30,2,naive
B→D,weibull,shape,1.5,2.1114208688943537,0.40761391259623575,8,30,2,naive
B→D,weibull,scale,10.0,13.48426843423511,0.34842684342351105,8,30,2,naive
C→B,exponential,mean,3.0,2.544671958777872,0.15177601374070937,9,30,2,naive
C→D,weibull,shape,0.8,0.9050163894035215,0.13127048675440178,13,30,2,naive
C→D,weibull,scale,6.0,4.840787849414165,0.1932020250976391,13,30,2,naive
A→B,exponential,mean,2.0,2.622309961217158,0.31115498060857893,25,30,2,censor_aware
A→C,lognormal,median,5.0,6.126399083805039,0.22527981676100772,6,30,2,censor_aware
A→C,lognormal,sigma,0.5,0.4755913742762441,0.04881725144751181,6,30,2,censor_aware
B→A,uniform,low,1.0,1.4565251218668904,0.4565251218668904,5,30,2,censor_aware
B→A,uniform,high,3.0,2.693377363435763,0.10220754552141227,5,30,2,censor_aware
B→C,gamma,shape,2.0,3.0340065525899362,0.5170032762949681,18,30,2,censor_aware
B→C,gamma,scale,1.5,0.7493008916822707,0.5004660722118196,18,30,2,censor_aware
B→D,weibull,shape,1.5,2.2016578796072244,0.4677719197381496,8,30,2,censor_aware
B→D,weibull,scale,10.0,13.714463121199081,0.37144631211990814,8,30,2,censor_aware
C→B,exponential,mean,3.0,2.6703038696619354,0.10989871011268819,9,30,2,censor_aware
C→D,weibull,shape,0.8,0.911534229060397,0.13941778632549626,13,30,2,censor_aware
C→D,weibull,scale,6.0,5.493768105150213,0.08437198247496447,13,30,2,censor_aware
A→B,exponential,mean,2.0,2.1421563516089153,0.07107817580445763,40,50,2,naive
A→C,lognormal,median,5.0,5.428760084708133,0.08575201694162668,12,50,2,naive
A→C,lognormal,sigma,0.5,0.47844527047961766,0.043109459040764686,12,50,2,naive
B→A,uniform,low,1.0,1.1955674544314272,0.1955674544314272,9,50,2,naive
B→A,uniform,high,3.0,2.6933772625798547,0.10220757914004845,9,50,2,naive
B→C,gamma,shape,2.0,3.34057173171805,0.6702858658590249,25,50,2,naive
B→C,gamma,scale,1.5,0.7575617718616582,0.4949588187588945,25,50,2,naive
B→D,weibull,shape,1.5,1.8539877059956955,0.23599180399713035,18,50,2,naive
B→D,weibull,scale,10.0,10.50627290244351,0.050627290244350934,18,50,2,naive
C→B,exponential,mean,3.0,3.0717573414078974,0.023919113802632452,15,50,2,naive
C→D,weibull,shape,0.8,0.8654666330438593,0.08183329130482406,19,50,2,naive
C→D,weibull,scale,6.0,3.9800318988132073,0.3366613501977988,19,50,2,naive
A→B,exponential,mean,2.0,2.306651728695508,0.15332586434775397,40,50,2,censor_aware
A→C,lognormal,median,5.0,5.72670669103507,0.14534133820701403,12,50,2,censor_aware
A→C,lognormal,sigma,0.5,0.494395107294121,0.011209785411757989,12,50,2,censor_aware
B→A,uniform,low,1.0,1.1955674544314272,0.1955674544314272,9,50,2,censor_aware
B→A,uniform,high,3.0,2.693377439542089,0.10220752015263705,9,50,2,censor_aware
B→C,gamma,shape,2.0,3.308940011496965,0.6544700057484825,25,50,2,censor_aware
B→C,gamma,scale,1.5,0.7743485816933949,0.4837676122044034,25,50,2,censor_aware
B→D,weibull,shape,1.5,1.9006553939230937,0.2671035959487291,18,50,2,censor_aware
B→D,weibull,scale,10.0,10.68847604029506,0.06884760402950593,18,50,2,censor_aware
C→B,exponential,mean,3.0,3.2349538082508627,0.07831793608362088,15,50,2,censor_aware
C→D,weibull,shape,0.8,0.868230405911914,0.08528800738989248,19,50,2,censor_aware
C→D,weibull,scale,6.0,4.367100807183989,0.27214986546933523,19,50,2,censor_aware
A→B,exponential,mean,2.0,2.0358019304345185,0.017900965217259257,84,100,2,naive
A→C,lognormal,median,5.0,5.410024718472095,0.08200494369441902,25,100,2,naive
A→C,lognormal,sigma,0.5,0.5190560751542294,0.038112150308458714,25,100,2,naive
B→A,uniform,low,1.0,1.014696905236129,0.014696905236128988,18,100,2,naive
B→A,uniform,high,3.0,2.9709013614531963,0.009699546182267907,18,100,2,naive
B→C,gamma,shape,2.0,2.809515760169496,0.404757880084748,60,100,2,naive
B→C,gamma,scale,1.5,0.8585342208118916,0.4276438527920723,60,100,2,naive
B→D,weibull,shape,1.5,1.6652811727090777,0.11018744847271848,32,100,2,naive
B→D,weibull,scale,10.0,9.93521510189186,0.006478489810814026,32,100,2,naive
C→B,exponential,mean,3.0,2.5822278264230363,0.13925739119232125,31,100,2,naive
C→D,weibull,shape,0.8,0.8111731800188775,0.013966475023596825,51,100,2,naive
C→D,weibull,scale,6.0,4.513640578904632,0.24772657018256128,51,100,2,naive
A→B,exponential,mean,2.0,2.130206808987535,0.0651034044937675,84,100,2,censor_aware
A→C,lognormal,median,5.0,5.575183161664806,0.1150366323329612,25,100,2,censor_aware
A→C,lognormal,sigma,0.5,0.5263448009607063,0.0526896019214127,25,100,2,censor_aware
B→A,uniform,low,1.0,1.014696905236129,0.014696905236128988,18,100,2,censor_aware
B→A,uniform,high,3.0,2.9709014547521178,0.009699515082627416,18,100,2,censor_aware
B→C,gamma,shape,2.0,2.7888305111201586,0.3944152555600793,60,100,2,censor_aware
B→C,gamma,scale,1.5,0.8780622303711304,0.41462517975257973,60,100,2,censor_aware
B→D,weibull,shape,1.5,1.7064427384696412,0.13762849231309415,32,100,2,censor_aware
B→D,weibull,scale,10.0,10.11881577857406,0.011881577857406001,32,100,2,censor_aware
C→B,exponential,mean,3.0,2.620837810561356,0.12638739647954797,31,100,2,censor_aware
C→D,weibull,shape,0.8,0.8142828136100304,0.017853517012537956,51,100,2,censor_aware
C→D,weibull,scale,6.0,4.7018668761624,0.21635552063959995,51,100,2,censor_aware
A→B,exponential,mean,2.0,1.8557260044436632,0.0721369977781684,246,300,2,naive
A→C,lognormal,median,5.0,5.317499923014515,0.06349998460290304,91,300,2,naive
A→C,lognormal,sigma,0.5,0.5023693678927076,0.004738735785415171,91,300,2,naive
B→A,uniform,low,1.0,1.014696905236129,0.014696905236128988,59,300,2,naive
B→A,uniform,high,3.0,2.970901271910119,0.009699576029960374,59,300,2,naive
B→C,gamma,shape,2.0,2.3608366236339338,0.18041831181696688,157,300,2,naive
B→C,gamma,scale,1.5,1.0369990654769086,0.308667289682061,157,300,2,naive
B→D,weibull,shape,1.5,1.7102363907346765,0.14015759382311765,85,300,2,naive
B→D,weibull,scale,10.0,9.839784903058856,0.0160215096941144,85,300,2,naive
C→B,exponential,mean,3.0,2.8798759659737727,0.040041344675409096,85,300,2,naive
C→D,weibull,shape,0.8,0.8169852063283045,0.021231507910380587,151,300,2,naive
C→D,weibull,scale,6.0,4.209222214453921,0.2984629642576799,151,300,2,naive
A→B,exponential,mean,2.0,1.921847024050105,0.03907648797494745,246,300,2,censor_aware
A→C,lognormal,median,5.0,5.389170570244447,0.07783411404888944,91,300,2,censor_aware
A→C,lognormal,sigma,0.5,0.5030192442244407,0.0060384884488813295,91,300,2,censor_aware
B→A,uniform,low,1.0,1.014696905236129,0.014696905236128988,59,300,2,censor_aware
B→A,uniform,high,3.0,2.970901137913184,0.009699620695605335,59,300,2,censor_aware
B→C,gamma,shape,2.0,2.349416382171639,0.17470819108581948,157,300,2,censor_aware
B→C,gamma,scale,1.5,1.0694252438534342,0.2870498374310439,157,300,2,censor_aware
B→D,weibull,shape,1.5,1.7586826704296519,0.17245511361976792,85,300,2,censor_aware
B→D,weibull,scale,10.0,10.664071947701576,0.06640719477015758,85,300,2,censor_aware
C→B,exponential,mean,3.0,2.953050960278517,0.01564967990716104,85,300,2,censor_aware
C→D,weibull,shape,0.8,0.7839744500584488,0.020031937426939067,151,300,2,censor_aware
C→D,weibull,scale,6.0,4.812432927289338,0.197927845451777,151,300,2,censor_aware
A→B,exponential,mean,2.0,1.8615324965306665,0.06923375173466673,823,1000,2,naive
A→C,lognormal,median,5.0,4.99181971302893,0.0016360573942140633,323,1000,2,naive
A→C,lognormal,sigma,0.5,0.5040378648243093,0.00807572964861869,323,1000,2,naive
B→A,uniform,low,1.0,1.005193105828024,0.005193105828023903,216,1000,2,naive
B→A,uniform,high,3.0,2.982043161743578,0.005985612752140638,216,1000,2,naive
B→C,gamma,shape,2.0,1.9858390704171007,0.007080464791449637,558,1000,2,naive
B→C,gamma,scale,1.5,1.379300458784515,0.08046636081032332,558,1000,2,naive
B→D,weibull,shape,1.5,1.5914913099674086,0.06099420664493908,290,1000,2,naive
B→D,weibull,scale,10.0,9.408566920390996,0.059143307960900414,290,1000,2,naive
C→B,exponential,mean,3.0,2.9587779270800296,0.013740690973323458,335,1000,2,naive
C→D,weibull,shape,0.8,0.8066810635877902,0.00835132948473774,482,1000,2,naive
C→D,weibull,scale,6.0,4.767588282977701,0.20540195283704987,482,1000,2,naive
A→B,exponential,mean,2.0,1.9240695672412487,0.037965216379375666,823,1000,2,censor_aware
A→C,lognormal,median,5.0,5.105022684713568,0.021004536942713516,323,1000,2,censor_aware
A→C,lognormal,sigma,0.5,0.5105173102384034,0.02103462047680682,323,1000,2,censor_aware
B→A,uniform,low,1.0,1.005193105828024,0.005193105828023903,216,1000,2,censor_aware
B→A,uniform,high,3.0,2.9820432902765264,0.0059855699078245434,216,1000,2,censor_aware
B→C,gamma,shape,2.0,1.9837106415408126,0.008144679229593721,558,1000,2,censor_aware
B→C,gamma,scale,1.5,1.42311731517684,0.05125512321544005,558,1000,2,censor_aware
B→D,weibull,shape,1.5,1.6268142998330983,0.08454286655539889,290,1000,2,censor_aware
B→D,weibull,scale,10.0,10.150119063860942,0.015011906386094153,290,1000,2,censor_aware
C→B,exponential,mean,3.0,3.1001616806631973,0.033387226887732435,335,1000,2,censor_aware
C→D,weibull,shape,0.8,0.7860066483513138,0.017491689560857754,482,1000,2,censor_aware
C→D,weibull,scale,6.0,5.622662325715509,0.06288961238074853,482,1000,2,censor_aware
A→B,exponential,mean,2.0,1.9563008888273887,0.021849555586305636,2474,3000,2,naive
A→C,lognormal,median,5.0,4.966003047323019,0.006799390535396199,977,3000,2,naive
A→C,lognormal,sigma,0.5,0.515413949449689,0.03082789889937798,977,3000,2,naive
B→A,uniform,low,1.0,1.000507281730453,0.000507281730453002,645,3000,2,naive
B→A,uniform,high,3.0,2.9989978155119976,0.0003340614960007926,645,3000,2,naive
B→C,gamma,shape,2.0,1.958511856877125,0.020744071561437538,1626,3000,2,naive
B→C,gamma,scale,1.5,1.4138598256737513,0.05742678288416577,1626,3000,2,naive
B→D,weibull,shape,1.5,1.5581833654033004,0.03878891026886692,894,3000,2,naive
B→D,weibull,scale,10.0,9.073821024520251,0.09261789754797486,894,3000,2,naive
C→B,exponential,mean,3.0,2.88568512435795,0.03810495854734993,961,3000,2,naive
C→D,weibull,shape,0.8,0.8171176423741945,0.021397052967743052,1450,3000,2,naive
C→D,weibull,scale,6.0,5.001507443421394,0.16641542609643434,1450,3000,2,naive
A→B,exponential,mean,2.0,2.0230158702229337,0.01150793511146686,2474,3000,2,censor_aware
A→C,lognormal,median,5.0,5.08101327138839,0.016202654277678086,977,3000,2,censor_aware
A→C,lognormal,sigma,0.5,0.5201632434232166,0.04032648684643325,977,3000,2,censor_aware
B→A,uniform,low,1.0,1.000507281730453,0.000507281730453002,645,3000,2,censor_aware
B→A,uniform,high,3.0,2.998997937276674,0.0003340209077752713,645,3000,2,censor_aware
B→C,gamma,shape,2.0,1.9528069113962416,0.023596544301879185,1626,3000,2,censor_aware
B→C,gamma,scale,1.5,1.4595316033162609,0.02697893112249276,1626,3000,2,censor_aware
B→D,weibull,shape,1.5,1.5609609720287048,0.040640648019136506,894,3000,2,censor_aware
B→D,weibull,scale,10.0,9.856146458238378,0.014385354176162223,894,3000,2,censor_aware
C→B,exponential,mean,3.0,3.0172437995718413,0.005747933190613767,961,3000,2,censor_aware
C→D,weibull,shape,0.8,0.8021009563967842,0.0026261954959802547,1450,3000,2,censor_aware
C→D,weibull,scale,6.0,5.817135233228169,0.030477461128638545,1450,3000,2,censor_aware
A→B,exponential,mean,2.0,,,4,5,3,naive
A→C,lognormal,median,5.0,,,2,5,3,naive
A→C,lognormal,sigma,0.5,,,2,5,3,naive
B→A,uniform,low,1.0,,,1,5,3,naive
B→A,uniform,high,3.0,,,1,5,3,naive
B→C,gamma,shape,2.0,,,2,5,3,naive
B→C,gamma,scale,1.5,,,2,5,3,naive
B→D,weibull,shape,1.5,,,1,5,3,naive
B→D,weibull,scale,10.0,,,1,5,3,naive
C→B,exponential,mean,3.0,,,1,5,3,naive
C→D,weibull,shape,0.8,,,1,5,3,naive
C→D,weibull,scale,6.0,,,1,5,3,naive
A→B,exponential,mean,2.0,,,4,5,3,censor_aware
A→C,lognormal,median,5.0,,,2,5,3,censor_aware
A→C,lognormal,sigma,0.5,,,2,5,3,censor_aware
B→A,uniform,low,1.0,,,1,5,3,censor_aware
B→A,uniform,high,3.0,,,1,5,3,censor_aware
B→C,gamma,shape,2.0,,,2,5,3,censor_aware
B→C,gamma,scale,1.5,,,2,5,3,censor_aware
B→D,weibull,shape,1.5,,,1,5,3,censor_aware
B→D,weibull,scale,10.0,,,1,5,3,censor_aware
C→B,exponential,mean,3.0,,,1,5,3,censor_aware
C→D,weibull,shape,0.8,,,1,5,3,censor_aware
C→D,weibull,scale,6.0,,,1,5,3,censor_aware
A→B,exponential,mean,2.0,1.5321105383755154,0.23394473081224232,10,10,3,naive
A→C,lognormal,median,5.0,4.184642025494539,0.1630715949010922,4,10,3,naive
A→C,lognormal,sigma,0.5,0.1304042995542258,0.7391914008915483,4,10,3,naive
B→A,uniform,low,1.0,,,4,10,3,naive
B→A,uniform,high,3.0,,,4,10,3,naive
B→C,gamma,shape,2.0,,,5,10,3,naive
B→C,gamma,scale,1.5,,,5,10,3,naive
B→D,weibull,shape,1.5,,,1,10,3,naive
B→D,weibull,scale,10.0,,,1,10,3,naive
C→B,exponential,mean,3.0,2.8577684076337206,0.047410530788759786,2,10,3,naive
C→D,weibull,shape,0.8,0.6598439505755502,0.17519506178056227,4,10,3,naive
C→D,weibull,scale,6.0,3.73813093107253,0.3769781781545783,4,10,3,naive
A→B,exponential,mean,2.0,1.5321105383755154,0.23394473081224232,10,10,3,censor_aware
A→C,lognormal,median,5.0,4.184642025494539,0.1630715949010922,4,10,3,censor_aware
A→C,lognormal,sigma,0.5,0.1304042995542258,0.7391914008915483,4,10,3,censor_aware
B→A,uniform,low,1.0,,,4,10,3,censor_aware
B→A,uniform,high,3.0,,,4,10,3,censor_aware
B→C,gamma,shape,2.0,,,5,10,3,censor_aware
B→C,gamma,scale,1.5,,,5,10,3,censor_aware
B→D,weibull,shape,1.5,,,1,10,3,censor_aware
B→D,weibull,scale,10.0,,,1,10,3,censor_aware
C→B,exponential,mean,3.0,2.947188651048953,0.017603782983682297,2,10,3,censor_aware
C→D,weibull,shape,0.8,0.4833048238382194,0.39586897020222583,4,10,3,censor_aware
C→D,weibull,scale,6.0,26.653353305056694,3.442225550842782,4,10,3,censor_aware
A→B,exponential,mean,2.0,1.9019742799518085,0.04901286002409577,20,30,3,naive
A→C,lognormal,median,5.0,4.790452318480605,0.04190953630387906,12,30,3,naive
A→C,lognormal,sigma,0.5,0.2520288488074539,0.4959423023850922,12,30,3,naive
B→A,uniform,low,1.0,1.4117165445511102,0.4117165445511102,5,30,3,naive
B→A,uniform,high,3.0,2.9634635518602472,0.012178816046584254,5,30,3,naive
B→C,gamma,shape,2.0,1.9932224907340197,0.003388754632990154,16,30,3,naive
B→C,gamma,scale,1.5,1.4211202125058289,0.05258652499611408,16,30,3,naive
B→D,weibull,shape,1.5,0.5879895057503799,0.6080069961664134,3,30,3,naive
B→D,weibull,scale,10.0,8.129052252894159,0.18709477471058414,3,30,3,naive
C→B,exponential,mean,3.0,3.8379425316677236,0.2793141772225745,7,30,3,naive
C→D,weibull,shape,0.8,0.7841034233643288,0.019870720794589042,16,30,3,naive
C→D,weibull,scale,6.0,6.658650188261984,0.1097750313769974,16,30,3,naive
A→B,exponential,mean,2.0,2.053595836160621,0.0267979180803104,20,30,3,censor_aware
A→C,lognormal,median,5.0,4.9105090172403285,0.0178981965519343,12,30,3,censor_aware
A→C,lognormal,sigma,0.5,0.2677325180877879,0.46453496382442416,12,30,3,censor_aware
B→A,uniform,low,1.0,1.4117165445511102,0.4117165445511102,5,30,3,censor_aware
B→A,uniform,high,3.0,2.963463656708864,0.012178781097045288,5,30,3,censor_aware
B→C,gamma,shape,2.0,2.0486490379925613,0.02432451899628063,16,30,3,censor_aware
B→C,gamma,scale,1.5,1.3976891993987304,0.06820720040084642,16,30,3,censor_aware
B→D,weibull,shape,1.5,0.5524696407318372,0.6316869061787752,3,30,3,censor_aware
B→D,weibull,scale,10.0,19.259473512686615,0.9259473512686615,3,30,3,censor_aware
C→B,exponential,mean,3.0,4.066323264021184,0.35544108800706137,7,30,3,censor_aware
C→D,weibull,shape,0.8,0.7140437568171166,0.10744530397860427,16,30,3,censor_aware
C→D,weibull,scale,6.0,11.42059635398316,0.9034327256638601,16,30,3,censor_aware
A→B,exponential,mean,2.0,1.795686587730051,0.10215670613497452,39,50,3,naive
A→C,lognormal,median,5.0,5.017476079328856,0.003495215865771151,20,50,3,naive
A→C,lognormal,sigma,0.5,0.47322126621002497,0.05355746757995006,20,50,3,naive
B→A,uniform,low,1.0,1.2091690119813578,0.20916901198135784,12,50,3,naive
B→A,uniform,high,3.0,2.9634634419350774,0.01217885268830754,12,50,3,naive
B→C,gamma,shape,2.0,2.1205145719801144,0.0602572859900572,27,50,3,naive
B→C,gamma,scale,1.5,1.2096694556256813,0.1935536962495458,27,50,3,naive
B→D,weibull,shape,1.5,0.7527780644504937,0.49814795703300424,6,50,3,naive
B→D,weibull,scale,10.0,9.867370499498046,0.013262950050195422,6,50,3,naive
C→B,exponential,mean,3.0,3.7414596165855216,0.2471532055285072,11,50,3,naive
C→D,weibull,shape,0.8,0.81721380935456,0.02151726169319995,29,50,3,naive
C→D,weibull,scale,6.0,6.527243352293909,0.08787389204898484,29,50,3,naive
A→B,exponential,mean,2.0,1.844202522650571,0.07789873867471453,39,50,3,censor_aware
A→C,lognormal,median,5.0,5.141257316166471,0.02825146323329424,20,50,3,censor_aware
A→C,lognormal,sigma,0.5,0.47997893138651304,0.04004213722697392,20,50,3,censor_aware
B→A,uniform,low,1.0,1.2091690119813578,0.20916901198135784,12,50,3,censor_aware
B→A,uniform,high,3.0,2.9634634932315302,0.01217883558948992,12,50,3,censor_aware
B→C,gamma,shape,2.0,2.1092901558234183,0.05464507791170914,27,50,3,censor_aware
B→C,gamma,scale,1.5,1.2635330478400797,0.1576446347732802,27,50,3,censor_aware
B→D,weibull,shape,1.5,0.7599794704713198,0.4933470196857868,6,50,3,censor_aware
B→D,weibull,scale,10.0,16.30583877207478,0.6305838772074779,6,50,3,censor_aware
C→B,exponential,mean,3.0,3.9930945537342413,0.3310315179114138,11,50,3,censor_aware
C→D,weibull,shape,0.8,0.7662440772010184,0.042194903498727065,29,50,3,censor_aware
C→D,weibull,scale,6.0,9.27841298320457,0.5464021638674282,29,50,3,censor_aware
A→B,exponential,mean,2.0,1.5361380654188368,0.2319309672905816,82,100,3,naive
A→C,lognormal,median,5.0,4.780968052946885,0.04380638941062305,33,100,3,naive
A→C,lognormal,sigma,0.5,0.5090583668653637,0.018116733730727308,33,100,3,naive
B→A,uniform,low,1.0,1.0375582244336536,0.03755822443365364,22,100,3,naive
B→A,uniform,high,3.0,2.963463463701638,0.012178845432787355,22,100,3,naive
B→C,gamma,shape,2.0,2.0626554322559634,0.031327716127981686,59,100,3,naive
B→C,gamma,scale,1.5,1.1786191262653771,0.21425391582308193,59,100,3,naive
B→D,weibull,shape,1.5,1.3285836383261005,0.11427757444926634,27,100,3,naive
B→D,weibull,scale,10.0,10.79884425033707,0.07988442503370692,27,100,3,naive
C→B,exponential,mean,3.0,2.6034079571705133,0.1321973476098289,35,100,3,naive
C→D,weibull,shape,0.8,0.9269214767908471,0.15865184598855886,46,100,3,naive
C→D,weibull,scale,6.0,6.143177048642204,0.023862841440367284,46,100,3,naive
A→B,exponential,mean,2.0,1.5851039037322305,0.20744804813388473,82,100,3,censor_aware
A→C,lognormal,median,5.0,4.9075719397957736,0.01848561204084529,33,100,3,censor_aware
A→C,lognormal,sigma,0.5,0.5132737617020932,0.026547523404186313,33,100,3,censor_aware
B→A,uniform,low,1.0,1.0375582244336536,0.03755822443365364,22,100,3,censor_aware
B→A,uniform,high,3.0,2.963463667364228,0.012178777545257388,22,100,3,censor_aware
B→C,gamma,shape,2.0,2.0574169513756284,0.028708475687814206,59,100,3,censor_aware
B→C,gamma,scale,1.5,1.2098115534130585,0.19345896439129437,59,100,3,censor_aware
B→D,weibull,shape,1.5,1.326876300899471,0.11541579940035263,27,100,3,censor_aware
B→D,weibull,scale,10.0,12.172030209539159,0.2172030209539159,27,100,3,censor_aware
C→B,exponential,mean,3.0,2.7161169008192756,0.09462769972690814,35,100,3,censor_aware
C→D,weibull,shape,0.8,0.8568941056250877,0.0711176320313596,46,100,3,censor_aware
C→D,weibull,scale,6.0,8.297584750036886,0.3829307916728144,46,100,3,censor_aware
A→B,exponential,mean,2.0,1.626817870631388,0.18659106468430597,240,300,3,naive
A→C,lognormal,median,5.0,4.913605523163457,0.0172788953673086,108,300,3,naive
A→C,lognormal,sigma,0.5,0.4910944362750721,0.0178111274498558,108,300,3,naive
B→A,uniform,low,1.0,1.000124284993733,0.00012428499373307034,65,300,3,naive
B→A,uniform,high,3.0,2.9634635762218062,0.012178807926064591,65,300,3,naive
B→C,gamma,shape,2.0,2.303509769395066,0.15175488469753295,178,300,3,naive
B→C,gamma,scale,1.5,1.1598424293284966,0.22677171378100228,178,300,3,naive
B→D,weibull,shape,1.5,1.3749498769598039,0.0833667486934641,79,300,3,naive
B→D,weibull,scale,10.0,9.779798741459192,0.022020125854080773,79,300,3,naive
C→B,exponential,mean,3.0,2.5704657303014513,0.14317808989951622,107,300,3,naive
C→D,weibull,shape,0.8,0.8087356209319115,0.010919526164889365,151,300,3,naive
C→D,weibull,scale,6.0,5.764469788058946,0.03925503532350897,151,300,3,naive
A→B,exponential,mean,2.0,1.6717129631655996,0.1641435184172002,240,300,3,censor_aware
A→C,lognormal,median,5.0,5.021754563175333,0.004350912635066528,108,300,3,censor_aware
A→C,lognormal,sigma,0.5,0.49819107920773337,0.0036178415845332657,108,300,3,censor_aware
B→A,uniform,low,1.0,1.000124284993733,0.00012428499373307034,65,300,3,censor_aware
B→A,uniform,high,3.0,2.9634634331462273,0.012178855617924237,65,300,3,censor_aware
B→C,gamma,shape,2.0,2.293424512999583,0.14671225649979158,178,300,3,censor_aware
B→C,gamma,scale,1.5,1.1903507542580827,0.20643283049461156,178,300,3,censor_aware
B→D,weibull,shape,1.5,1.375660292815112,0.08289313812325864,79,300,3,censor_aware
B→D,weibull,scale,10.0,11.137401340999082,0.1137401340999082,79,300,3,censor_aware
C→B,exponential,mean,3.0,2.6841728359327552,0.10527572135574825,107,300,3,censor_aware
C→D,weibull,shape,0.8,0.7848871122895009,0.018891109638123904,151,300,3,censor_aware
C→D,weibull,scale,6.0,7.128634934925981,0.1881058224876635,151,300,3,censor_aware
A→B,exponential,mean,2.0,1.7528354779640603,0.12358226101796987,807,1000,3,naive
A→C,lognormal,median,5.0,4.763280266684137,0.04734394666317261,357,1000,3,naive
A→C,lognormal,sigma,0.5,0.495611020171008,0.008777959657984002,357,1000,3,naive
B→A,uniform,low,1.0,1.000124284993733,0.00012428499373307034,216,1000,3,naive
B→A,uniform,high,3.0,2.9981175841308465,0.0006274719563844992,216,1000,3,naive
B→C,gamma,shape,2.0,2.075168521506902,0.03758426075345089,574,1000,3,naive
B→C,gamma,scale,1.5,1.4043961086389052,0.06373592757406321,574,1000,3,naive
B→D,weibull,shape,1.5,1.4797461730832522,0.013502551277831879,289,1000,3,naive
B→D,weibull,scale,10.0,9.687298320054529,0.03127016799454711,289,1000,3,naive
C→B,exponential,mean,3.0,2.8916128043469698,0.03612906521767675,349,1000,3,naive
C→D,weibull,shape,0.8,0.8055842969869766,0.00698037123372075,497,1000,3,naive
C→D,weibull,scale,6.0,5.109249405710025,0.14845843238166254,497,1000,3,naive
A→B,exponential,mean,2.0,1.800824684293882,0.09958765785305901,807,1000,3,censor_aware
A→C,lognormal,median,5.0,4.869717899249355,0.02605642015012908,357,1000,3,censor_aware
A→C,lognormal,sigma,0.5,0.5019792134660879,0.00395842693217574,357,1000,3,censor_aware
B→A,uniform,low,1.0,1.000124284993733,0.00012428499373307034,216,1000,3,censor_aware
B→A,uniform,high,3.0,2.9981177278100923,0.0006274240633025544,216,1000,3,censor_aware
B→C,gamma,shape,2.0,2.067916348640935,0.03395817432046755,574,1000,3,censor_aware
B→C,gamma,scale,1.5,1.4422903458676173,0.03847310275492181,574,1000,3,censor_aware
B→D,weibull,shape,1.5,1.491129606118324,0.005913595921117398,289,1000,3,censor_aware
B→D,weibull,scale,10.0,10.527302560478615,0.05273025604786152,289,1000,3,censor_aware
C→B,exponential,mean,3.0,3.0550659058572944,0.018355301952431475,349,1000,3,censor_aware
C→D,weibull,shape,0.8,0.7857163342821099,0.01785458214736274,497,1000,3,censor_aware
C→D,weibull,scale,6.0,6.25721819769768,0.042869699616280066,497,1000,3,censor_aware
A→B,exponential,mean,2.0,1.8966991935171869,0.05165040324140657,2489,3000,3,naive
A→C,lognormal,median,5.0,5.003689097645568,0.000737819529113537,1025,3000,3,naive
A→C,lognormal,sigma,0.5,0.49453358033957556,0.010932839320848875,1025,3000,3,naive
B→A,uniform,low,1.0,1.000124284993733,0.00012428499373307034,666,3000,3,naive
B→A,uniform,high,3.0,2.9981176491392416,0.000627450286919462,666,3000,3,naive
B→C,gamma,shape,2.0,2.0231151810280616,0.011557590514030824,1691,3000,3,naive
B→C,gamma,scale,1.5,1.4415260754438053,0.038982616370796475,1691,3000,3,naive
B→D,weibull,shape,1.5,1.4845559806551896,0.010296012896540288,919,3000,3,naive
B→D,weibull,scale,10.0,9.340899983290106,0.06591000167098944,919,3000,3,naive
C→B,exponential,mean,3.0,2.8076702334165047,0.06410992219449844,1042,3000,3,naive
C→D,weibull,shape,0.8,0.8233789282810666,0.029223660351333225,1442,3000,3,naive
C→D,weibull,scale,6.0,5.155505275290042,0.140749120784993,1442,3000,3,naive
A→B,exponential,mean,2.0,1.9469308382273902,0.026534580886304893,2489,3000,3,censor_aware
A→C,lognormal,median,5.0,5.085634835222673,0.0171269670445346,1025,3000,3,censor_aware
A→C,lognormal,sigma,0.5,0.4972693905173273,0.005461218965345349,1025,3000,3,censor_aware
B→A,uniform,low,1.0,1.000124284993733,0.00012428499373307034,666,3000,3,censor_aware
B→A,uniform,high,3.0,2.998117650909521,0.0006274496968263025,666,3000,3,censor_aware
B→C,gamma,shape,2.0,2.0232376300786656,0.01161881503933282,1691,3000,3,censor_aware
B→C,gamma,scale,1.5,1.4771698337967187,0.015220110802187511,1691,3000,3,censor_aware
B→D,weibull,shape,1.5,1.502195995191309,0.0014639967942060572,919,3000,3,censor_aware
B→D,weibull,scale,10.0,10.05650549734463,0.005650549734463084,919,3000,3,censor_aware
C→B,exponential,mean,3.0,2.956494730755066,0.01450175641497801,1042,3000,3,censor_aware
C→D,weibull,shape,0.8,0.8096494560223761,0.012061820027970127,1442,3000,3,censor_aware
C→D,weibull,scale,6.0,6.168127739132294,0.028021289855382363,1442,3000,3,censor_aware
A→B,exponential,mean,2.0,,,6,5,4,naive
A→C,lognormal,median,5.0,,,2,5,4,naive
A→C,lognormal,sigma,0.5,,,2,5,4,naive
B→A,uniform,low,1.0,,,3,5,4,naive
B→A,uniform,high,3.0,,,3,5,4,naive
B→C,gamma,shape,2.0,,,7,5,4,naive
B→C,gamma,scale,1.5,,,7,5,4,naive
B→D,weibull,shape,1.5,,,1,5,4,naive
B→D,weibull,scale,10.0,,,1,5,4,naive
C→B,exponential,mean,3.0,2.9542185296027212,0.015260490132426252,6,5,4,naive
C→D,weibull,shape,0.8,1.722352325570125,1.152940406962656,3,5,4,naive
C→D,weibull,scale,6.0,5.768939727247829,0.03851004545869522,3,5,4,naive
A→B,exponential,mean,2.0,,,6,5,4,censor_aware
A→C,lognormal,median,5.0,,,2,5,4,censor_aware
A→C,lognormal,sigma,0.5,,,2,5,4,censor_aware
B→A,uniform,low,1.0,,,3,5,4,censor_aware
B→A,uniform,high,3.0,,,3,5,4,censor_aware
B→C,gamma,shape,2.0,,,7,5,4,censor_aware
B→C,gamma,scale,1.5,,,7,5,4,censor_aware
B→D,weibull,shape,1.5,,,1,5,4,censor_aware
B→D,weibull,scale,10.0,,,1,5,4,censor_aware
C→B,exponential,mean,3.0,2.9542185296027212,0.015260490132426252,6,5,4,censor_aware
C→D,weibull,shape,0.8,1.722352325570125,1.152940406962656,3,5,4,censor_aware
C→D,weibull,scale,6.0,5.768939727247829,0.03851004545869522,3,5,4,censor_aware
A→B,exponential,mean,2.0,,,12,10,4,naive
A→C,lognormal,median,5.0,,,2,10,4,naive
A→C,lognormal,sigma,0.5,,,2,10,4,naive
B→A,uniform,low,1.0,1.0280896160787327,0.028089616078732726,4,10,4,naive
B→A,uniform,high,3.0,2.8969180265091947,0.034360657830268426,4,10,4,naive
B→C,gamma,shape,2.0,1.8343571335373485,0.08282143323132574,9,10,4,naive
B→C,gamma,scale,1.5,1.3656886815756553,0.08954087894956315,9,10,4,naive
B→D,weibull,shape,1.5,2.2121666368955757,0.4747777579303838,4,10,4,naive
B→D,weibull,scale,10.0,13.661805164456231,0.3661805164456231,4,10,4,naive
C→B,exponential,mean,3.0,3.4902570652914644,0.16341902176382148,7,10,4,naive
C→D,weibull,shape,0.8,1.0455030885688887,0.30687886071111087,4,10,4,naive
C→D,weibull,scale,6.0,11.19753616304836,0.8662560271747267,4,10,4,naive
A→B,exponential,mean,2.0,,,12,10,4,censor_aware
A→C,lognormal,median,5.0,,,2,10,4,censor_aware
A→C,lognormal,sigma,0.5,,,2,10,4,censor_aware
B→A,uniform,low,1.0,1.0280896160787327,0.028089616078732726,4,10,4,censor_aware
B→A,uniform,high,3.0,2.8969180517765807,0.03436064940780644,4,10,4,censor_aware
B→C,gamma,shape,2.0,1.8118602141247915,0.09406989293760426,9,10,4,censor_aware
B→C,gamma,scale,1.5,1.4335539205397227,0.044297386306851504,9,10,4,censor_aware
B→D,weibull,shape,1.5,2.406778192099071,0.604518794732714,4,10,4,censor_aware
B→D,weibull,scale,10.0,14.995440384046944,0.4995440384046944,4,10,4,censor_aware
C→B,exponential,mean,3.0,3.4902570652914644,0.16341902176382148,7,10,4,censor_aware
C→D,weibull,shape,0.8,1.0455030885688887,0.30687886071111087,4,10,4,censor_aware
C→D,weibull,scale,6.0,11.19753616304836,0.8662560271747267,4,10,4,censor_aware
A→B,exponential,mean,2.0,2.2866251189698086,0.1433125594849043,32,30,4,naive
A→C,lognormal,median,5.0,4.10535101515899,0.17892979696820194,7,30,4,naive
A→C,lognormal,sigma,0.5,0.5721254947130153,0.14425098942603065,7,30,4,naive
B→A,uniform,low,1.0,1.0280896160787327,0.028089616078732726,9,30,4,naive
B→A,uniform,high,3.0,2.9727166699443983,0.009094443351867229,9,30,4,naive
B→C,gamma,shape,2.0,2.7285553552182953,0.36427767760914764,26,30,4,naive
B→C,gamma,scale,1.5,1.0264480374591292,0.3157013083605806,26,30,4,naive
B→D,weibull,shape,1.5,1.364230678152807,0.09051288123146195,9,30,4,naive
B→D,weibull,scale,10.0,9.946507537363669,0.005349246263633134,9,30,4,naive
C→B,exponential,mean,3.0,3.694793611815142,0.2315978706050473,15,30,4,naive
C→D,weibull,shape,0.8,0.7802698318070299,0.024662710241212665,15,30,4,naive
C→D,weibull,scale,6.0,6.379653047433369,0.06327550790556143,15,30,4,naive
A→B,exponential,mean,2.0,2.2866251189698086,0.1433125594849043,32,30,4,censor_aware
A→C,lognormal,median,5.0,4.10535101515899,0.17892979696820194,7,30,4,censor_aware
A→C,lognormal,sigma,0.5,0.5721254947130153,0.14425098942603065,7,30,4,censor_aware
B→A,uniform,low,1.0,1.0280896160787327,0.028089616078732726,9,30,4,censor_aware
B→A,uniform,high,3.0,2.972716775746301,0.009094408084566297,9,30,4,censor_aware
B→C,gamma,shape,2.0,2.7346891400728843,0.36734457003644216,26,30,4,censor_aware
B→C,gamma,scale,1.5,1.0466387168783462,0.30224085541443585,26,30,4,censor_aware
B→D,weibull,shape,1.5,1.408068757441557,0.06128749503896206,9,30,4,censor_aware
B→D,weibull,scale,10.0,11.233697756640902,0.12336977566409021,9,30,4,censor_aware
C→B,exponential,mean,3.0,4.016424791036744,0.33880826367891476,15,30,4,censor_aware
C→D,weibull,shape,0.8,0.8065986977198613,0.008248372149826516,15,30,4,censor_aware
C→D,weibull,scale,6.0,7.313519482785908,0.21891991379765127,15,30,4,censor_aware
A→B,exponential,mean,2.0,2.6872923530634902,0.3436461765317451,42,50,4,naive
A→C,lognormal,median,5.0,4.453120012003725,0.10937599759925494,13,50,4,naive
A→C,lognormal,sigma,0.5,0.5913333504872621,0.1826667009745242,13,50,4,naive
B→A,uniform,low,1.0,1.0280896160787327,0.028089616078732726,10,50,4,naive
B→A,uniform,high,3.0,2.9727168372929347,0.009094387569021775,10,50,4,naive
B→C,gamma,shape,2.0,3.1620935941703956,0.5810467970851978,34,50,4,naive
B→C,gamma,scale,1.5,0.8593069607424785,0.4271286928383477,34,50,4,naive
B→D,weibull,shape,1.5,1.3160106644654423,0.12265955702303843,15,50,4,naive
B→D,weibull,scale,10.0,9.480792461635037,0.0519207538364963,15,50,4,naive
C→B,exponential,mean,3.0,3.5652372076136385,0.1884124025378795,20,50,4,naive
C→D,weibull,shape,0.8,0.8558899980037248,0.06986249750465592,22,50,4,naive
C→D,weibull,scale,6.0,6.108261863733595,0.018043643955599098,22,50,4,naive
A→B,exponential,mean,2.0,2.802286844433556,0.401143422216778,42,50,4,censor_aware
A→C,lognormal,median,5.0,4.517308760207402,0.09653824795851965,13,50,4,censor_aware
A→C,lognormal,sigma,0.5,0.5886313637068705,0.17726272741374105,13,50,4,censor_aware
B→A,uniform,low,1.0,1.0280896160787327,0.028089616078732726,10,50,4,censor_aware
B→A,uniform,high,3.0,2.9727166980813937,0.009094433972868762,10,50,4,censor_aware
B→C,gamma,shape,2.0,3.164210769210347,0.5821053846051736,34,50,4,censor_aware
B→C,gamma,scale,1.5,0.87113152482848,0.41924565011434667,34,50,4,censor_aware
B→D,weibull,shape,1.5,1.341561948784834,0.10562536747677731,15,50,4,censor_aware
B→D,weibull,scale,10.0,10.314568099819473,0.03145680998194731,15,50,4,censor_aware
C→B,exponential,mean,3.0,3.8946385995001047,0.2982128665000349,20,50,4,censor_aware
C→D,weibull,shape,0.8,0.8848902509219,0.10611281365237493,22,50,4,censor_aware
C→D,weibull,scale,6.0,6.9962798371869495,0.16604663953115825,22,50,4,censor_aware
A→B,exponential,mean,2.0,2.2740016941407766,0.1370008470703883,76,100,4,naive
A→C,lognormal,median,5.0,4.977687189127036,0.004462562174592755,35,100,4,naive
A→C,lognormal,sigma,0.5,0.5719516011978961,0.14390320239579224,35,100,4,naive
B→A,uniform,low,1.0,1.0280896160787327,0.028089616078732726,19,100,4,naive
B→A,uniform,high,3.0,2.9727167198545326,0.009094426715155812,19,100,4,naive
B→C,gamma,shape,2.0,2.7292098180139863,0.36460490900699316,53,100,4,naive
B→C,gamma,scale,1.5,0.9867051305198238,0.3421965796534508,53,100,4,naive
B→D,weibull,shape,1.5,1.3765622648998714,0.08229182340008571,31,100,4,naive
B→D,weibull,scale,10.0,9.562119449357104,0.04378805506428964,31,100,4,naive
C→B,exponential,mean,3.0,3.206227932994462,0.06874264433148729,35,100,4,naive
C→D,weibull,shape,0.8,0.8160716920521524,0.020089615065190386,44,100,4,naive
C→D,weibull,scale,6.0,5.012370627739981,0.1646048953766699,44,100,4,naive
A→B,exponential,mean,2.0,2.3511282489079615,0.17556412445398073,76,100,4,censor_aware
A→C,lognormal,median,5.0,5.029844195943771,0.005968839188754238,35,100,4,censor_aware
A→C,lognormal,sigma,0.5,0.5688924696590515,0.13778493931810298,35,100,4,censor_aware
B→A,uniform,low,1.0,1.0280896160787327,0.028089616078732726,19,100,4,censor_aware
B→A,uniform,high,3.0,2.972716680066533,0.009094439977822333,19,100,4,censor_aware
B→C,gamma,shape,2.0,2.7464539109229906,0.3732269554614953,53,100,4,censor_aware
B→C,gamma,scale,1.5,1.000626517443575,0.3329156550376167,53,100,4,censor_aware
B→D,weibull,shape,1.5,1.3578605371047061,0.09475964193019593,31,100,4,censor_aware
B→D,weibull,scale,10.0,10.597428133928203,0.05974281339282026,31,100,4,censor_aware
C→B,exponential,mean,3.0,3.474902337819767,0.15830077927325567,35,100,4,censor_aware
C→D,weibull,shape,0.8,0.8184779957915526,0.023097494739440644,44,100,4,censor_aware
C→D,weibull,scale,6.0,6.099288828024265,0.016548138004044127,44,100,4,censor_aware
A→B,exponential,mean,2.0,1.936111530629394,0.03194423468530305,243,300,4,naive
A→C,lognormal,median,5.0,5.2363427839071175,0.0472685567814235,104,300,4,naive
A→C,lognormal,sigma,0.5,0.48285097746701966,0.03429804506596068,104,300,4,naive
B→A,uniform,low,1.0,1.0017339002022008,0.0017339002022007666,64,300,4,naive
B→A,uniform,high,3.0,2.995481360992995,0.0015062130023350366,64,300,4,naive
B→C,gamma,shape,2.0,2.340589988526735,0.17029499426336758,160,300,4,naive
B→C,gamma,scale,1.5,1.1930617727286041,0.20462548484759724,160,300,4,naive
B→D,weibull,shape,1.5,1.5934339425808943,0.06228929505392955,91,300,4,naive
B→D,weibull,scale,10.0,8.692325676614502,0.13076743233854984,91,300,4,naive
C→B,exponential,mean,3.0,2.6374637057398,0.12084543142006672,95,300,4,naive
C→D,weibull,shape,0.8,0.7934774442086471,0.00815319473919121,142,300,4,naive
C→D,weibull,scale,6.0,4.956435368382447,0.17392743860292548,142,300,4,naive
A→B,exponential,mean,2.0,1.9929964068169763,0.003501796591511841,243,300,4,censor_aware
A→C,lognormal,median,5.0,5.3374151727911565,0.0674830345582313,104,300,4,censor_aware
A→C,lognormal,sigma,0.5,0.4843832085929923,0.031233582814015448,104,300,4,censor_aware
B→A,uniform,low,1.0,1.0017339002022008,0.0017339002022007666,64,300,4,censor_aware
B→A,uniform,high,3.0,2.995481360120571,0.0015062132931430068,64,300,4,censor_aware
B→C,gamma,shape,2.0,2.3473389621354834,0.17366948106774172,160,300,4,censor_aware
B→C,gamma,scale,1.5,1.2121591004323962,0.19189393304506921,160,300,4,censor_aware
B→D,weibull,shape,1.5,1.5753953550446815,0.05026357002978769,91,300,4,censor_aware
B→D,weibull,scale,10.0,9.455948168841948,0.05440518311580522,91,300,4,censor_aware
C→B,exponential,mean,3.0,2.785710047707674,0.07142998409744195,95,300,4,censor_aware
C→D,weibull,shape,0.8,0.7791453317636707,0.026068335295411638,142,300,4,censor_aware
C→D,weibull,scale,6.0,6.184339848025575,0.030723308004262446,142,300,4,censor_aware
A→B,exponential,mean,2.0,2.025859925770399,0.012929962885199542,817,1000,4,naive
A→C,lognormal,median,5.0,5.0402414006474405,0.008048280129488106,342,1000,4,naive
A→C,lognormal,sigma,0.5,0.49764488956531644,0.004710220869367121,342,1000,4,naive
B→A,uniform,low,1.0,1.0017339002022008,0.0017339002022007666,216,1000,4,naive
B→A,uniform,high,3.0,2.995481311543357,0.0015062294855476093,216,1000,4,naive
B→C,gamma,shape,2.0,2.179235750504713,0.08961787525235643,542,1000,4,naive
B→C,gamma,scale,1.5,1.2900084111026644,0.13999439259822374,542,1000,4,naive
B→D,weibull,shape,1.5,1.4971912598463546,0.001872493435763604,306,1000,4,naive
B→D,weibull,scale,10.0,9.326101589087278,0.06738984109127219,306,1000,4,naive
C→B,exponential,mean,3.0,2.7681010205557173,0.0772996598147609,332,1000,4,naive
C→D,weibull,shape,0.8,0.8402272699256995,0.05028408740712434,481,1000,4,naive
C→D,weibull,scale,6.0,4.681877615903465,0.21968706401608915,481,1000,4,naive
A→B,exponential,mean,2.0,2.091593717200479,0.04579685860023952,817,1000,4,censor_aware
A→C,lognormal,median,5.0,5.183082506054437,0.03661650121088744,342,1000,4,censor_aware
A→C,lognormal,sigma,0.5,0.5065510649890038,0.013102129978007637,342,1000,4,censor_aware
B→A,uniform,low,1.0,1.0017339002022008,0.0017339002022007666,216,1000,4,censor_aware
B→A,uniform,high,3.0,2.995481347118548,0.0015062176271506782,216,1000,4,censor_aware
B→C,gamma,shape,2.0,2.1825955300824256,0.09129776504121279,542,1000,4,censor_aware
B→C,gamma,scale,1.5,1.3155109858501906,0.12299267609987297,542,1000,4,censor_aware
B→D,weibull,shape,1.5,1.4684551009152982,0.021029932723134543,306,1000,4,censor_aware
B→D,weibull,scale,10.0,10.283014266999604,0.02830142669996043,306,1000,4,censor_aware
C→B,exponential,mean,3.0,2.9033969085276046,0.03220103049079848,332,1000,4,censor_aware
C→D,weibull,shape,0.8,0.8117658692458815,0.014707336557351763,481,1000,4,censor_aware
C→D,weibull,scale,6.0,5.649865874981606,0.0583556875030656,481,1000,4,censor_aware
A→B,exponential,mean,2.0,1.9867590909118023,0.006620454544098875,2480,3000,4,naive
A→C,lognormal,median,5.0,4.8635724168382515,0.027285516632349703,1048,3000,4,naive
A→C,lognormal,sigma,0.5,0.5085224285019776,0.017044857003955194,1048,3000,4,naive
B→A,uniform,low,1.0,1.0017339002022008,0.0017339002022007666,697,3000,4,naive
B→A,uniform,high,3.0,2.997779877088882,0.000740040970372687,697,3000,4,naive
B→C,gamma,shape,2.0,2.0382487881222047,0.019124394061102334,1669,3000,4,naive
B→C,gamma,scale,1.5,1.420221872512974,0.053185418324683965,1669,3000,4,naive
B→D,weibull,shape,1.5,1.458794420155416,0.027470386563056042,882,3000,4,naive
B→D,weibull,scale,10.0,9.244956278243134,0.07550437217568665,882,3000,4,naive
C→B,exponential,mean,3.0,2.7275093894852014,0.09083020350493287,1028,3000,4,naive
C→D,weibull,shape,0.8,0.8343376179560192,0.042922022445023994,1470,3000,4,naive
C→D,weibull,scale,6.0,5.045640617687373,0.15905989705210452,1470,3000,4,naive
A→B,exponential,mean,2.0,2.0483635043160637,0.024181752158031866,2480,3000,4,censor_aware
A→C,lognormal,median,5.0,4.980483860961313,0.0039032278077373306,1048,3000,4,censor_aware
A→C,lognormal,sigma,0.5,0.5152209837140788,0.030441967428157524,1048,3000,4,censor_aware
B→A,uniform,low,1.0,1.0017339002022008,0.0017339002022007666,697,3000,4,censor_aware
B→A,uniform,high,3.0,2.997779842846824,0.0007400523843920462,697,3000,4,censor_aware
B→C,gamma,shape,2.0,2.0337716104270496,0.016885805213524785,1669,3000,4,censor_aware
B→C,gamma,scale,1.5,1.4579839917762083,0.028010672149194466,1669,3000,4,censor_aware
B→D,weibull,shape,1.5,1.4661599657374695,0.022560022841686973,882,3000,4,censor_aware
B→D,weibull,scale,10.0,10.126275557162195,0.012627555716219518,882,3000,4,censor_aware
C→B,exponential,mean,3.0,2.863453406253903,0.04551553124869893,1028,3000,4,censor_aware
C→D,weibull,shape,0.8,0.8208950579831674,0.02611882247895922,1470,3000,4,censor_aware
C→D,weibull,scale,6.0,5.957127897702935,0.007145350382844177,1470,3000,4,censor_aware
