n_traces,repeat,method,fit_seconds,censored_fraction,fit_success_fraction,edge_recall,parameter_coverage,parameter_mape,mean_time_mape,probability_mae,cdf_error
5,0,naive,0.029114042059518397,0.19999999999999996,0.6666666666666666,0.8571428571428571,0.42857142857142855,,,,
5,0,censor_aware,0.02056804101448506,0.19999999999999996,0.6666666666666666,0.8571428571428571,0.42857142857142855,,,,
10,0,naive,0.021720707998611033,0.09999999999999998,0.3333333333333333,1.0,0.2857142857142857,,,,
10,0,censor_aware,0.020288042025640607,0.09999999999999998,0.3333333333333333,1.0,0.2857142857142857,,,,
30,0,naive,0.31544070795644075,0.1333333333333333,1.0,1.0,1.0,0.15858660972873292,0.21733494558115335,0.10933636693646054,0.08080598456060038
30,0,censor_aware,0.4226467499975115,0.1333333333333333,1.0,1.0,1.0,0.1560109917148423,0.18595088286833786,0.10592452194438542,0.07787161325273476
50,0,naive,0.3304338750895113,0.12,1.0,1.0,1.0,0.10416255046902449,0.07455010744266885,0.0739049430753245,0.03981474198242174
50,0,censor_aware,0.40863862505648285,0.12,1.0,1.0,1.0,0.09987343202281303,0.06520023161828455,0.07103288936474489,0.03657224297119461
100,0,naive,0.2719295419519767,0.16000000000000003,1.0,1.0,1.0,0.09301863595636543,0.06552864898837871,0.03922911948680101,0.032869732131941866
100,0,censor_aware,0.42953937489073724,0.16000000000000003,1.0,1.0,1.0,0.08424394041464571,0.04465836779177201,0.038169371705986346,0.02794158782297083
300,0,naive,0.3063302499940619,0.18333333333333335,1.0,1.0,1.0,0.07039992767957219,0.09215136435506376,0.022265243929241955,0.033122977957313636
300,0,censor_aware,0.4863157910294831,0.18333333333333335,1.0,1.0,1.0,0.05892018145755563,0.0629484330071228,0.017386265763697194,0.024134812050823094
1000,0,naive,0.48768708400893956,0.19499999999999995,1.0,1.0,1.0,0.0434955270810641,0.05593366263986383,0.014484306175015529,0.01757026096902375
1000,0,censor_aware,0.48555804195348173,0.19499999999999995,1.0,1.0,1.0,0.020750809116317714,0.022303837285495533,0.011701652272496569,0.007530482321386924
3000,0,naive,0.41028954193461686,0.20399999999999996,1.0,1.0,1.0,0.041489055111325814,0.05474306595987487,0.01874813465347455,0.0158926478115928
3000,0,censor_aware,0.6192545419326052,0.20399999999999996,1.0,1.0,1.0,0.01387778869961818,0.01774186571971462,0.007660939550436333,0.005112511475037981
5,1,naive,0.018717333092354238,0.19999999999999996,0.3333333333333333,0.8571428571428571,0.2857142857142857,,,,
5,1,censor_aware,0.018227542052045465,0.19999999999999996,0.3333333333333333,0.8571428571428571,0.2857142857142857,,,,
10,1,naive,0.018338333000428975,0.30000000000000004,0.3333333333333333,1.0,0.2857142857142857,,,,
10,1,censor_aware,0.03239795903209597,0.30000000000000004,0.3333333333333333,1.0,0.2857142857142857,,,,
30,1,naive,0.2387514590518549,0.19999999999999996,1.0,1.0,1.0,0.24068748482555777,0.1317025223252073,0.08246048756669097,0.0809416209905155
30,1,censor_aware,0.3874775000149384,0.19999999999999996,1.0,1.0,1.0,0.24090060649418008,0.12636358892881064,0.0822958362976898,0.07935635144777484
50,1,naive,0.25281199999153614,0.19999999999999996,1.0,1.0,1.0,0.18052526934688914,0.12354904834945461,0.041537806129419215,0.05984933820587624
50,1,censor_aware,0.38514008303172886,0.19999999999999996,1.0,1.0,1.0,0.18578676695114474,0.11003255113394504,0.03443259500027142,0.05730460245556921
100,1,naive,0.287922834046185,0.18999999999999995,1.0,1.0,1.0,0.07730994820649341,0.07780560184273773,0.03434824007261266,0.030725761132439144
100,1,censor_aware,0.4437962919473648,0.18999999999999995,1.0,1.0,1.0,0.08046327430299181,0.07281387337582068,0.03040263650144787,0.030392033753916935
300,1,naive,0.3011686659883708,0.18333333333333335,1.0,1.0,1.0,0.07456677750310413,0.09104243133096476,0.02569951778601904,0.03299921529925292
300,1,censor_aware,0.42470112501177937,0.18333333333333335,1.0,1.0,1.0,0.05089304099611369,0.046957974457710376,0.027317317249821577,0.019581268791105267
1000,1,naive,0.3070461250608787,0.20499999999999996,1.0,1.0,1.0,0.05115727773133346,0.06107004330842426,0.0175265550205225,0.019828794837833313
1000,1,censor_aware,0.5162607919191942,0.20499999999999996,1.0,1.0,1.0,0.02486980076299101,0.013904772272633965,0.012666904418500245,0.007159751986876301
3000,1,naive,0.4653941249707714,0.21099999999999997,1.0,1.0,1.0,0.03690083869438463,0.05307309860093379,0.02137011945827458,0.01571633732364147
3000,1,censor_aware,0.6311119999736547,0.21099999999999997,1.0,1.0,1.0,0.01659600721100324,0.016774841218865917,0.008466219742802547,0.004936531553310699
5,2,naive,0.0010475419694557786,0.19999999999999996,0.0,1.0,0.0,,,,
5,2,censor_aware,0.0007174160564318299,0.19999999999999996,0.0,1.0,0.0,,,,
10,2,naive,0.03305479197297245,0.30000000000000004,0.6666666666666666,1.0,0.5714285714285714,,,,
10,2,censor_aware,0.06732554198242724,0.30000000000000004,0.6666666666666666,1.0,0.5714285714285714,,,,
30,2,naive,0.3027207920094952,0.30000000000000004,1.0,1.0,1.0,0.2781952866087339,0.20909497915365086,0.05607072157686568,0.0853684430428903
30,2,censor_aware,0.37037383299320936,0.30000000000000004,1.0,1.0,1.0,0.2778633979569496,0.20177854784451485,0.04264663502654301,0.08480376153170784
50,2,naive,0.2571769580245018,0.26,1.0,1.0,1.0,0.19933268496024836,0.10817278437377376,0.04473178018163452,0.04568437442552187
50,2,censor_aware,0.3394717500777915,0.26,1.0,1.0,1.0,0.20979971578537993,0.12973768230543847,0.041842003196082674,0.05236679773879943
100,2,naive,0.2976768329972401,0.17000000000000004,1.0,1.0,1.0,0.12603605151644717,0.10298824932249957,0.03944193855339768,0.03379497980932002
100,2,censor_aware,0.3832185419742018,0.17000000000000004,1.0,1.0,1.0,0.1313644165568119,0.10503150369621149,0.03477099174425975,0.0360498668426887
300,2,naive,0.26073945802636445,0.21333333333333337,1.0,1.0,1.0,0.09748106010769213,0.10014751862139736,0.02611403207891385,0.0328990963117258
300,2,censor_aware,0.494018999976106,0.21333333333333337,1.0,1.0,1.0,0.09013128467475988,0.07686144408629357,0.023728437777858016,0.029493823327183758
1000,2,naive,0.362764541991055,0.22799999999999998,1.0,1.0,1.0,0.04377521423836562,0.06410242310289771,0.01589432139715768,0.01834164195764067
1000,2,censor_aware,0.5349025829927996,0.22799999999999998,1.0,1.0,1.0,0.030325512812550814,0.031043285826232867,0.004243956119037483,0.01234036532608144
3000,2,naive,0.7867034170776606,0.21866666666666668,1.0,1.0,1.0,0.04131777401012551,0.05902982266185789,0.010240260752503715,0.017633108222257873
3000,2,censor_aware,0.8401799169369042,0.21866666666666668,1.0,1.0,1.0,0.01777762052572583,0.02072615069679259,0.007553157431095747,0.006931499468456746
5,3,naive,0.0011275829747319221,0.6,0.0,1.0,0.0,,,,
5,3,censor_aware,0.000824916991405189,0.6,0.0,1.0,0.0,,,,
10,3,naive,0.05024833302013576,0.5,0.6666666666666666,1.0,0.5714285714285714,,,,
10,3,censor_aware,0.07365612499415874,0.5,0.6666666666666666,1.0,0.5714285714285714,,,,
30,3,naive,0.3040401249891147,0.3666666666666667,1.0,1.0,1.0,0.18923308660091864,0.16043819261923473,0.09875754625069408,0.06641424861836508
30,3,censor_aware,0.5578022919362411,0.3666666666666667,1.0,1.0,1.0,0.3291342915499094,0.6168342999421654,0.10521683042193294,0.07814302834468558
50,3,naive,0.3077367090154439,0.30000000000000004,1.0,1.0,1.0,0.125193625236988,0.130886117700655,0.09447168993647888,0.04531874355726327
50,3,censor_aware,0.530922667006962,0.30000000000000004,1.0,1.0,1.0,0.2186157817968045,0.32954434729690124,0.09434216453844979,0.05676827288243363
100,3,naive,0.26967087504453957,0.27,1.0,1.0,1.0,0.09150390223093041,0.10820563046507185,0.027183440062825713,0.0379164890513491
100,3,censor_aware,0.421762999962084,0.27,1.0,1.0,1.0,0.11714004745185723,0.1494506473707495,0.00824181643765121,0.04368112183473829
300,3,naive,0.3003841250902042,0.23333333333333328,1.0,1.0,1.0,0.07593752540293855,0.07517693604169892,0.022779586319747365,0.024498420973929687
300,3,censor_aware,0.3908198330318555,0.23333333333333328,1.0,1.0,1.0,0.08720553549563025,0.10062914549599342,0.017910027861612197,0.02589670333712532
1000,3,naive,0.30842895805835724,0.21399999999999997,1.0,1.0,1.0,0.043176391726849755,0.060057884244751066,0.014682602157009271,0.017785067124275227
1000,3,censor_aware,0.561358124949038,0.21399999999999997,1.0,1.0,1.0,0.028375743896070154,0.03706689257706356,0.01187301178882095,0.010842605324665003
3000,3,naive,0.4165314579149708,0.21299999999999997,1.0,1.0,1.0,0.03540847684626692,0.05264340762987306,0.013502876205680248,0.013963053413930986
3000,3,censor_aware,0.5866878340020776,0.21299999999999997,1.0,1.0,1.0,0.011534403354605344,0.012260433737621868,0.002966281881547251,0.004363374190979483
5,4,naive,0.017661166028119624,0.19999999999999996,0.3333333333333333,1.0,0.2857142857142857,,,,
5,4,censor_aware,0.016943124937824905,0.19999999999999996,0.3333333333333333,1.0,0.2857142857142857,,,,
10,4,naive,0.26693816704209894,0.19999999999999996,0.6666666666666666,1.0,0.7142857142857143,,,,
10,4,censor_aware,0.3013395000016317,0.19999999999999996,0.6666666666666666,1.0,0.7142857142857143,,,,
30,4,naive,0.2681774169905111,0.19999999999999996,1.0,1.0,1.0,0.13325455062719846,0.09708379764272716,0.09027649177517527,0.03607490071216162
30,4,censor_aware,0.4086296249879524,0.19999999999999996,1.0,1.0,1.0,0.16032471798522988,0.14568617846563453,0.08093974419000857,0.04629593669907452
50,4,naive,0.24799404200166464,0.26,1.0,1.0,1.0,0.1776622686278745,0.10705460813830885,0.0617426468983742,0.038724137285006
50,4,censor_aware,0.3816847080597654,0.26,1.0,1.0,1.0,0.20174449829187116,0.13924086889418388,0.051846926335578365,0.04436450152178721
100,4,naive,0.28125262493267655,0.25,1.0,1.0,1.0,0.11740576469440239,0.07872796065702266,0.02111113325329456,0.024638636262283953
100,4,censor_aware,0.36925375007558614,0.25,1.0,1.0,1.0,0.11792445307135514,0.07679250312992403,0.021822472785645464,0.023475143102735914
300,4,naive,0.31382337491959333,0.22333333333333338,1.0,1.0,1.0,0.08230451841690421,0.08093587671288008,0.0034980457206112386,0.02568911227553853
300,4,censor_aware,0.37765249994117767,0.22333333333333338,1.0,1.0,1.0,0.05865936017621853,0.04242174219042029,0.011659937550649107,0.014410471117414626
1000,4,naive,0.3206904160324484,0.21299999999999997,1.0,1.0,1.0,0.056256167265616136,0.06758575203469037,0.007339348329330503,0.017630547212901106
1000,4,censor_aware,0.5261008330853656,0.21299999999999997,1.0,1.0,1.0,0.03897012189449022,0.03724468097201884,0.007522872145253969,0.01064657324157966
3000,4,naive,0.4180087079294026,0.21599999999999997,1.0,1.0,1.0,0.043460121956630626,0.05868683740487722,0.01226395569727903,0.016872619439781626
3000,4,censor_aware,0.6491007080767304,0.21599999999999997,1.0,1.0,1.0,0.018322055000970627,0.01794176396776091,0.005028609657956195,0.005092250843127817
