,,edge_recall,edge_recall,edge_recall,parameter_coverage,parameter_coverage,parameter_coverage,parameter_mape,parameter_mape,parameter_mape,mean_time_mape,mean_time_mape,mean_time_mape,probability_mae,probability_mae,probability_mae,cdf_error,cdf_error,cdf_error,fit_success_fraction,fit_success_fraction,fit_success_fraction
,,mean,std,count,mean,std,count,mean,std,count,mean,std,count,mean,std,count,mean,std,count,mean,std,count
n_traces,method,,,,,,,,,,,,,,,,,,,,,
5,censor_aware,0.9428571428571428,0.07824607964359516,5,0.2,0.19166296949998196,5,,,0,,,0,,,0,,,0,0.26666666666666666,0.27888667551135854,5
5,naive,0.9428571428571428,0.07824607964359516,5,0.2,0.19166296949998196,5,,,0,,,0,,,0,,,0,0.26666666666666666,0.27888667551135854,5
10,censor_aware,1.0,0.0,5,0.48571428571428565,0.191662969499982,5,,,0,,,0,,,0,,,0,0.5333333333333333,0.18257418583505536,5
10,naive,1.0,0.0,5,0.48571428571428565,0.191662969499982,5,,,0,,,0,,,0,,,0,0.5333333333333333,0.18257418583505536,5
30,censor_aware,1.0,0.0,5,1.0,0.0,5,0.23284680114022227,0.07504304220616952,5,0.2553226996098926,0.2043408190483301,5,0.08340471357611194,0.025746052416755892,5,0.07329413825519551,0.015350812327670995,5,1.0,0.0,5
30,naive,1.0,0.0,5,1.0,0.0,5,0.19999140367822835,0.05927884156604509,5,0.1631308874643947,0.05100977469050896,5,0.08738032282117732,0.020151878260950003,5,0.06992103958490657,0.02022632081417315,5,1.0,0.0,5
50,censor_aware,1.0,0.0,5,1.0,0.0,5,0.18316403896960268,0.04810333336988413,5,0.15475113624975062,0.1017816588031859,5,0.05869931568702543,0.024199833010990348,5,0.049475283513956816,0.008880531112359272,5,1.0,0.0,5
50,naive,1.0,0.0,5,1.0,0.0,5,0.15737527972820492,0.04054368394944307,5,0.10884253320097222,0.02168995683096891,5,0.06327777324424626,0.0218227737636083,5,0.045878267091217825,0.008418571717797972,5,1.0,0.0,5
100,censor_aware,1.0,0.0,5,1.0,0.0,5,0.10622722635953237,0.02255459595327219,5,0.08974937907289554,0.03964112780669377,5,0.02668145783499813,0.011988431978542487,5,0.03230795067141014,0.007811934949924881,5,1.0,0.0,5
100,naive,1.0,0.0,5,1.0,0.0,5,0.10105486052092776,0.020068847383284686,5,0.0866512182551421,0.01815679723218101,5,0.03226277428578632,0.007977754484426742,5,0.031989119677466815,0.004868161820836585,5,1.0,0.0,5
300,censor_aware,1.0,0.0,5,1.0,0.0,5,0.0691618805600556,0.018126191176664606,5,0.0659637478475081,0.02369064769866896,5,0.019600397240727617,0.0060704653863632285,5,0.022703415724730412,0.005849708291026902,5,1.0,0.0,5
300,naive,1.0,0.0,5,1.0,0.0,5,0.08013796182204225,0.010594669596203544,5,0.08789082541240098,0.009852989834445535,5,0.020071285166906688,0.009420886484123479,5,0.029841764563552114,0.004355426949337798,5,1.0,0.0,5
1000,censor_aware,1.0,0.0,5,1.0,0.0,5,0.028658397696483984,0.006820451704148755,5,0.028312693786688953,0.010094145372861157,5,0.009601679348821843,0.003605242004967242,5,0.009703955640117865,0.0022545878545396306,5,1.0,0.0,5
1000,naive,1.0,0.0,5,1.0,0.0,5,0.04757211560864581,0.0058869254095563735,5,0.06174995306612545,0.004380218983479075,5,0.013985426615807098,0.0039079649692893865,5,0.018231262420334814,0.0009435525142404119,5,1.0,0.0,5
3000,censor_aware,1.0,0.0,5,1.0,0.0,5,0.015621574958384643,0.0028564140718216396,5,0.01708901106815118,0.003073924735301603,5,0.006335041652767615,0.002282489774848884,5,0.005287233506182545,0.0009680734057637748,5,1.0,0.0,5
3000,naive,1.0,0.0,5,1.0,0.0,5,0.0397152533237467,0.0033988137541791394,5,0.055635246451483364,0.003047418668605162,5,0.015225069353442425,0.004657147464116232,5,0.01601555324224095,0.001384597237140006,5,1.0,0.0,5
