transition,family,n_completed,p_censor_aware,p_naive,mean_days_censor_aware,mean_days_naive,dist_censor_aware
Admission→Discharge,weibull,139,0.12834738891585457,0.1283471838251584,3.3666637473639427,3.366659186977931,"weibull(shape=1.39316, scale=3.69099)"
Admission→Examination,weibull,915,0.844884049154002,0.8448753467627331,1.3250077660469,1.3250102327265363,"weibull(shape=1.16322, scale=1.39682)"
Admission→Treatment,gamma,29,0.026768561930143518,0.026777469412108446,0.572669951191884,0.5724556992337164,"gamma(shape=0.471408, scale=1.21481)"
Examination→Admission,lognormal,498,0.27089988995803277,0.27079934747145196,1.2796289093681987,1.2743595646475236,"lognormal(median=0.312887, sigma=1.67838)"
Examination→Discharge,gamma,636,0.3470460787449759,0.3458401305057096,5.4657095554352475,5.463871454984858,"gamma(shape=1.17681, scale=4.6445)"
Examination→Treatment,gamma,705,0.3820540312969913,0.3833605220228385,0.07689790238073656,0.07675247898607829,"gamma(shape=0.84928, scale=0.0905448)"
Registration→Admission,exponential,7,0.006909053077115059,0.006910167818361305,0.11955976836722693,0.11953373015873014,exponential(mean=0.11956)
Registration→Examination,lognormal,758,0.7482950701026782,0.7482724580454098,0.019555699883462188,0.019555693964209177,"lognormal(median=0.0162862, sigma=0.604895)"
Registration→Treatment,lognormal,248,0.2447958768202067,0.24481737413622903,0.013772665565582992,0.013773951812828814,"lognormal(median=0.00887797, sigma=0.937137)"
Treatment→Admission,gamma,591,0.6664564306224443,0.6700680272108843,0.05602695312276232,0.0533215046687974,"gamma(shape=0.429973, scale=0.130304)"
Treatment→Discharge,exponential,6,0.011047691792963887,0.006802721088435375,2.9685775059455715,2.51315200617284,exponential(mean=2.96858)
Treatment→Examination,lognormal,285,0.3224958775845919,0.32312925170068024,0.05438856475056669,0.04941420514663234,"lognormal(median=0.0118129, sigma=1.74755)"
