method,transition,family,n_completed,ks,cdf_error,observed_mean,model_mean,mean_rel_error,observed_median,model_median
naive,Admission→Discharge,weibull,139,0.07571504065239243,0.027454705794125563,3.3703039235278442,3.366659186977931,0.0010814266702979802,2.9013541666666667,2.8371800242071386
naive,Admission→Examination,weibull,915,0.06249944932606755,0.019131787732798392,1.326171018012548,1.3250102327265363,0.0008752907960176692,1.057025462962963,1.0192897486858365
naive,Admission→Treatment,gamma,29,0.341321204524689,0.1464054042083498,0.5724556992337165,0.5724556992337164,2.220446049250313e-16,0.7948379629629628,0.24633264522283874
naive,Examination→Admission,lognormal,498,0.15687003126878807,0.06575510328574063,1.449342160307898,1.2743595646475236,0.12073242637418413,0.177818287037037,0.31160138360531947
naive,Examination→Discharge,gamma,636,0.06734421115483935,0.02668459683805398,5.463871454984859,5.463871454984858,1.1102230246251565e-16,3.8628472222222223,4.015693244192596
naive,Examination→Treatment,gamma,705,0.10099411662649715,0.040860940554041617,0.07675247898607827,0.07675247898607829,2.220446049250313e-16,0.06666666666666667,0.04941456388696205
naive,Registration→Admission,exponential,7,0.20605284380650385,0.0890167184716117,0.11953373015873016,0.11953373015873014,1.1102230246251565e-16,0.10251157407407407,0.0828544680413371
naive,Registration→Examination,lognormal,758,0.017510806868795026,0.004826697291090184,0.019496298739372617,0.019555693964209177,0.003046487214345417,0.01669560185185185,0.016286193106434452
naive,Registration→Treatment,lognormal,248,0.08518876674897197,0.03371177425767403,0.013765821012544803,0.013773951812828814,0.0005906513150650827,0.010295138888888888,0.00887509108422961
naive,Treatment→Admission,gamma,591,0.19354351949648893,0.07968166235824181,0.053321504668797384,0.0533215046687974,2.220446049250313e-16,0.027928240740740743,0.020246760438121396
naive,Treatment→Discharge,exponential,6,0.24884613949753165,0.06507017026624153,2.51315200617284,2.51315200617284,0.0,2.4686053240740744,1.741984227397274
naive,Treatment→Examination,lognormal,285,0.15238092449967777,0.06680287391163271,0.11952290448343081,0.04941420514663234,0.5865712487477033,0.008287037037037037,0.011068280028570148
censor_aware,Admission→Discharge,weibull,139,0.07571237142618209,0.02745393165168715,3.3703039235278442,3.3666637473639427,0.0010800735620576374,2.9013541666666667,2.8371922986786213
censor_aware,Admission→Examination,weibull,915,0.06249842742958511,0.01913051918275322,1.326171018012548,1.3250077660469,0.0008771507971810921,1.057025462962963,1.0192963181669792
censor_aware,Admission→Treatment,gamma,29,0.3411695015422786,0.14638001013875584,0.5724556992337165,0.572669951191884,0.00037426818958086194,0.7948379629629628,0.2468127825026753
censor_aware,Examination→Admission,lognormal,498,0.1578140383706454,0.06581411372508751,1.449342160307898,1.2796289093681987,0.11709674608764942,0.177818287037037,0.3128868196449522
censor_aware,Examination→Discharge,gamma,636,0.0676095796201136,0.02675421812871196,5.463871454984859,5.4657095554352475,0.00033640990011063465,3.8628472222222223,4.018662720417286
censor_aware,Examination→Treatment,gamma,705,0.0999074899550334,0.04074494501112084,0.07675247898607827,0.07689790238073656,0.0018947061590630643,0.06666666666666667,0.04963761191546888
censor_aware,Registration→Admission,exponential,7,0.20601294605948514,0.08898060698233215,0.11953373015873016,0.11955976836722693,0.0002178314728586983,0.10251157407407407,0.08287251635214347
censor_aware,Registration→Examination,lognormal,758,0.017510881892677688,0.004826744742289045,0.019496298739372617,0.019555699883462188,0.0030467908234095287,0.01669560185185185,0.016286190721044716
censor_aware,Registration→Treatment,lognormal,248,0.08506052306642903,0.0336519934320177,0.013765821012544803,0.013772665565582992,0.0004972135720746618,0.010295138888888888,0.008877974014146854
censor_aware,Treatment→Admission,gamma,591,0.20624550192820204,0.0789443429448277,0.053321504668797384,0.05602695312276232,0.05073841165529047,0.027928240740740743,0.022014515649335358
censor_aware,Treatment→Discharge,exponential,6,0.18954523952703228,0.04542710003782282,2.51315200617284,2.9685775059455715,0.18121685383697805,2.4686053240740744,2.057661128519847
censor_aware,Treatment→Examination,lognormal,285,0.16777183236766058,0.07171306071824375,0.11952290448343081,0.05438856475056669,0.5449527855298525,0.008287037037037037,0.011812913107985941
