,interval_preparation_seconds,interval_preparation_seconds,interval_preparation_seconds,pm_preparation_seconds,pm_preparation_seconds,pm_preparation_seconds,discovery_seconds,discovery_seconds,discovery_seconds,conformance_seconds,conformance_seconds,conformance_seconds,naive_fit_seconds,naive_fit_seconds,naive_fit_seconds,censor_aware_fit_seconds,censor_aware_fit_seconds,censor_aware_fit_seconds,total_seconds,total_seconds,total_seconds
,mean,std,count,mean,std,count,mean,std,count,mean,std,count,mean,std,count,mean,std,count,mean,std,count
n_traces,,,,,,,,,,,,,,,,,,,,,
10,0.0017035499913617969,0.000265564599805268,5,0.003612416796386242,0.00048675413319391076,5,0.0010862167924642562,0.0003161277033384926,5,0.0183124584145844,0.0023968262464773415,5,0.08680005837231874,0.020247488342982026,5,0.14544747504405678,0.02543198483351106,5,0.26311150861438365,0.03693222953409187,5
30,0.0016268664272502064,0.000580734535167594,5,0.003686991799622774,0.0008063665283695137,5,0.0012788918102160096,0.0003773294363348794,5,0.021221150388009848,0.006120535581873886,5,0.12952959975227712,0.029081991403245386,5,0.204998341598548,0.03195046915000554,5,0.3701966168126091,0.06877557670086987,5
50,0.0015538414241746067,0.00022895197781068244,5,0.004005383374169469,0.000297720876235825,5,0.0013217834290117025,0.00011666673608445593,5,0.020788458362221717,0.002293669419797568,5,0.12376405042596161,0.006229046030666815,5,0.20396888318937273,0.011515311543547688,5,0.36304084160365163,0.007735820813226131,5
100,0.0014982667751610279,0.00020103953427093513,5,0.005161516787484288,0.00027895591221428545,5,0.0014245252124965191,0.00014594069315003975,5,0.019199541793204843,0.0045944612907314105,5,0.11796866657678037,0.023758404038394895,5,0.22243377519771457,0.06418997000434841,5,0.37507537498604504,0.09158345193221054,5
300,0.0018339334288612007,0.0002049232826783967,5,0.010894683399237692,0.00068908253691204,5,0.0019381087739020586,0.00014327145098082359,5,0.02690449997317046,0.0032989135271115364,5,0.3058534831972793,0.08358001456044796,5,0.516922933445312,0.13901220572195988,5,0.8748528495663777,0.22003583081311875,5
500,0.0021461666096001864,0.0007383183422048621,5,0.026669091801159082,0.02256206217332446,5,0.00232820815872401,0.0006783534014870613,5,0.02834031681995839,0.004967764811743744,5,0.3897770998068154,0.04999851288864696,5,0.6638848081929609,0.09029699354441284,5,1.1237586750183255,0.1435127457292101,5
734,0.0020311249885708095,0.00025568851285876116,5,0.028560091811232268,0.01834246152992465,5,0.0021893834229558705,7.033927693557932e-05,5,0.026239808415994048,0.0005222681610242887,5,0.4137552667874843,0.0116068083730774,5,0.7563578332075849,0.11846908861155608,5,1.2412844165693968,0.12858968482548488,5
