n_traces,repeat,n_events,interval_preparation_seconds,pm_preparation_seconds,discovery_seconds,conformance_seconds,naive_fit_seconds,censor_aware_fit_seconds,total_seconds
10,0,57,0.0015871659852564335,0.0028867500368505716,0.0016353329410776496,0.020644750096835196,0.06284879194572568,0.14420833298936486,0.2391616670647636
30,0,171,0.0016459999606013298,0.0034786660689860582,0.0012267089914530516,0.018960167071782053,0.11644258291926235,0.19527970801573247,0.3447330839699134
50,0,275,0.0013489170232787728,0.0038452090229839087,0.0013616250362247229,0.019965332932770252,0.1258569590281695,0.2141022499417886,0.3745612079510465
100,0,552,0.00136674998793751,0.005100584006868303,0.00143708405084908,0.016873792046681046,0.10246854193974286,0.17369720805436373,0.30782820796594024
300,0,1666,0.001544542028568685,0.009750291937962174,0.001739584025926888,0.023865208961069584,0.23838195903226733,0.38682095904368907,0.6713526659877971
500,0,2819,0.0020329999970272183,0.01582729199435562,0.001998040941543877,0.026328542036935687,0.30687808303628117,0.5312573750270531,0.8936482910066843
734,0,4082,0.0024538750294595957,0.020295292022638023,0.002272167010232806,0.026715624961070716,0.4090817089891061,0.6831184159964323,1.154996749944985
10,1,60,0.0015069589717313647,0.003842292004264891,0.0008911669719964266,0.015752165927551687,0.10846491600386798,0.16605187498498708,0.30353379203006625
30,1,166,0.0013120000949129462,0.00324720807839185,0.0009179170010611415,0.017290957970544696,0.09653949993662536,0.16179654200095683,0.28788166702724993
50,1,256,0.001476458040997386,0.003695665975101292,0.0011837499914690852,0.02345341700129211,0.11758658406324685,0.20472170796710998,0.3598144999705255
100,1,518,0.001416624989360571,0.004829082987271249,0.001261875033378601,0.016491999966092408,0.10973158292472363,0.21703433396760374,0.3581466251052916
300,1,1652,0.0017052500043064356,0.01082520792260766,0.001867583952844143,0.022839416982606053,0.22805658308789134,0.39548420801293105,0.6700139580061659
500,1,2747,0.001764875021763146,0.015208792057819664,0.002007082919590175,0.02624866703990847,0.4391085000243038,0.6829749579774216,1.1792821669951081
734,1,4082,0.002039375016465783,0.06136741698719561,0.002185666933655739,0.026580458041280508,0.39911624998785555,0.964070999994874,1.4672164999647066
10,2,60,0.00210937496740371,0.004197083995677531,0.0010053750593215227,0.020252833026461303,0.09017133398447186,0.10819616611115634,0.23271283297799528
30,2,159,0.0026274160481989384,0.005120542016811669,0.0019055829616263509,0.03207145899068564,0.17391324997879565,0.24965916597284377,0.47494779201224446
50,2,257,0.0017750830156728625,0.004456209018826485,0.0014677500585094094,0.02032920892816037,0.1325130839832127,0.18534500000532717,0.3533745830645785
100,2,524,0.0013808340299874544,0.005000334000214934,0.0012958330335095525,0.01686983392573893,0.09859408298507333,0.19466162496246397,0.3252772089326754
300,2,1644,0.0020320829935371876,0.011512833996675909,0.0021103329490870237,0.029874624917283654,0.2874219579389319,0.4784260420128703,0.8202599579235539
500,2,2740,0.0017058750381693244,0.014262416982091963,0.001946625066921115,0.026076207985170186,0.39270600001327693,0.6487148749874905,1.0960341669851914
734,2,4082,0.0019911249401047826,0.019988249987363815,0.00213274999987334,0.026230541989207268,0.426405583973974,0.7159138330025598,1.2044618329964578
10,3,51,0.0018316250061616302,0.003674041014164686,0.001039916998706758,0.019152334076352417,0.06915704091079533,0.13687691709492356,0.23670283402316272
30,3,179,0.001277665956877172,0.003311208914965391,0.0010697920806705952,0.018298958893865347,0.12165595800615847,0.2022804169682786,0.3556045830482617
50,3,285,0.0018198330653831363,0.004136457922868431,0.0012225420214235783,0.01763775001745671,0.11787945800460875,0.21285633300431073,0.3627611669944599
100,3,549,0.0014774579321965575,0.005531791946850717,0.0016036670422181487,0.018456000019796193,0.12156550004146993,0.1928497920744121,0.3490920829353854
300,3,1747,0.0019898340106010437,0.011080000083893538,0.0019454589346423745,0.02941966603975743,0.4301248749252409,0.6296867080964148,1.115217832964845
500,3,2816,0.001779415993951261,0.0667284169467166,0.002155624912120402,0.025827875011600554,0.3947131249587983,0.6728000829461962,1.1743357920786366
734,3,4082,0.001787249930202961,0.020847000065259635,0.0022469580871984363,0.025376458070240915,0.4248486659489572,0.6812857500044629,1.1674202919239178
10,4,59,0.001482625026255846,0.00346191693097353,0.0008592919912189245,0.015760208945721388,0.10335820901673287,0.17190408403985202,0.30344641697593033
30,4,179,0.001271250075660646,0.0032773339189589024,0.001274458016268909,0.019484209013171494,0.13909670792054385,0.21597587503492832,0.38781595800537616
50,4,281,0.0013489159755408764,0.0038933749310672283,0.001373250037431717,0.022556582931429148,0.12498416705057025,0.2028191250283271,0.3646927500376478
100,4,581,0.0018496669363230467,0.0053457909962162375,0.001524166902527213,0.027306083007715642,0.15748362499289215,0.3339259169297293,0.5350327499909326
300,4,1656,0.0018979581072926521,0.011305083055049181,0.002027584007009864,0.028523582965135574,0.34528204100206494,0.6941967500606552,1.0974198329495266
500,4,2793,0.003447666997089982,0.021318541024811566,0.003533666953444481,0.03722029202617705,0.41547979100141674,0.7836767500266433,1.2754929580260068
734,4,4082,0.0018840000266209245,0.02030249999370426,0.0021093750838190317,0.026295959018170834,0.4093241250375286,0.7374001670395955,1.212326708016917
