src,dst,n_completed,family,aic,delta_aic
Admission,Discharge,139,exponential,617.7708132392227,20.10277698453865
Admission,Discharge,139,lognormal,638.0144565790886,40.34642032440456
Admission,Discharge,139,gamma,599.0435434191254,1.3755071644413874
Admission,Discharge,139,weibull,597.668036254684,0.0
Admission,Examination,915,exponential,2348.601417042777,29.992016863129265
Admission,Examination,915,lognormal,2546.66909672127,228.0596965416221
Admission,Examination,915,gamma,2323.3851192979205,4.775719118272718
Admission,Examination,915,weibull,2318.6094001796478,0.0
Admission,Treatment,29,exponential,27.646444187659387,13.292987556889225
Admission,Treatment,29,lognormal,33.2697046991837,18.916248068413537
Admission,Treatment,29,gamma,14.353456630770163,0.0
Admission,Treatment,29,weibull,20.399769973451065,6.046313342680902
Examination,Admission,498,exponential,1367.6253318573777,595.9731515519425
Examination,Admission,498,lognormal,771.6521803054352,0.0
Examination,Admission,498,gamma,1010.7039376984537,239.05175739301853
Examination,Admission,498,weibull,897.3176584720562,125.66547816662103
Examination,Discharge,636,exponential,3434.0564623456803,7.968989708137542
Examination,Discharge,636,lognormal,3478.5390576199397,52.45158498239698
Examination,Discharge,636,gamma,3426.0874726375428,0.0
Examination,Discharge,636,weibull,3431.82405569236,5.736583054817402
Examination,Treatment,705,exponential,-2207.709126896436,12.00130618124922
Examination,Treatment,705,lognormal,-2047.110763709933,172.59966936775209
Examination,Treatment,705,gamma,-2219.710433077685,0.0
Examination,Treatment,705,weibull,-2213.7442598789767,5.966173198708475
Registration,Admission,7,exponential,-13.738193613745805,0.0
Registration,Admission,7,lognormal,-13.136065786977998,0.6021278267678074
Registration,Admission,7,gamma,-13.46240766489559,0.27578594885021523
Registration,Admission,7,weibull,-13.52808832075683,0.21010529298897573
Registration,Examination,758,exponential,-4451.29644973305,397.7226619679823
Registration,Examination,758,lognormal,-4849.019111701033,0.0
Registration,Examination,758,gamma,-4817.697805608433,31.321306092600025
Registration,Examination,758,weibull,-4743.747448109161,105.2716635918714
Registration,Treatment,248,exponential,-1627.640982626179,39.88817271191806
Registration,Treatment,248,lognormal,-1667.529155338097,0.0
Registration,Treatment,248,gamma,-1634.3905105594372,33.13864477865991
Registration,Treatment,248,weibull,-1626.105543221769,41.42361211632806
Treatment,Admission,591,exponential,-2280.933197209384,446.01469964244825
Treatment,Admission,591,lognormal,-2698.522591689356,28.425305162476434
Treatment,Admission,591,gamma,-2726.9478968518324,0.0
Treatment,Admission,591,weibull,-2714.8086178665394,12.139278985293004
Treatment,Discharge,6,exponential,25.058452935968287,0.0
Treatment,Discharge,6,lognormal,29.726682688483848,4.668229752515561
Treatment,Discharge,6,gamma,25.842538474523167,0.78408553855488
Treatment,Discharge,6,weibull,26.50080180440432,1.4423488684360315
Treatment,Examination,285,exponential,-638.8209362958443,803.1041590469212
Treatment,Examination,285,lognormal,-1441.9250953427654,0.0
Treatment,Examination,285,gamma,-1154.931886084912,286.9932092578533
Treatment,Examination,285,weibull,-1300.389608196126,141.53548714663953
