n_traces,repeat,fitness_all,fitness_complete,precision_complete,n_places,n_transitions,n_silent,conformance_seconds,discovery_seconds
10,0,0.9702908907670812,0.9956547619047619,0.6961761297798378,13,18,13,0.020644750096835196,0.0016353329410776496
30,0,0.9975502187406949,0.9967846620971621,0.6961761297798378,13,19,14,0.018960167071782053,0.0012267089914530516
50,0,0.9975502187406949,0.9967846620971621,0.6961761297798378,13,19,14,0.019965332932770252,0.0013616250362247229
100,0,0.9985245209194789,0.998063433706816,0.6817219477769936,11,15,10,0.016873792046681046,0.00143708405084908
300,0,0.9993253968253969,0.9991145833333334,0.630275624461671,14,18,13,0.023865208961069584,0.001739584025926888
500,0,1.0,1.0,0.6382513661202186,16,21,16,0.026328542036935687,0.001998040941543877
734,0,1.0,1.0,0.6382513661202186,16,21,16,0.026715624961070716,0.002272167010232806
10,1,0.9446583239001786,0.9810098834523177,0.7010574449842812,11,14,9,0.015752165927551687,0.0008911669719964266
30,1,0.9746041976817446,0.982813842790623,0.6687568157033805,12,16,11,0.017290957970544696,0.0009179170010611415
50,1,0.9995911495911496,0.9994633838383838,0.660042583392477,16,21,16,0.02345341700129211,0.0011837499914690852
100,1,0.9985245209194789,0.998063433706816,0.6817219477769936,11,15,10,0.016491999966092408,0.001261875033378601
300,1,0.9993253968253969,0.9991145833333334,0.630275624461671,14,18,13,0.022839416982606053,0.001867583952844143
500,1,1.0,1.0,0.6382513661202186,16,21,16,0.02624866703990847,0.002007082919590175
734,1,1.0,1.0,0.6382513661202186,16,21,16,0.026580458041280508,0.002185666933655739
10,2,0.9880805565591058,0.9965432304838264,0.724553786782441,12,16,11,0.020252833026461303,0.0010053750593215227
30,2,0.9995911495911496,0.9994633838383838,0.660042583392477,16,21,16,0.03207145899068564,0.0019055829616263509
50,2,0.9985245209194789,0.998063433706816,0.6817219477769936,11,15,10,0.02032920892816037,0.0014677500585094094
100,2,0.9985245209194789,0.998063433706816,0.6817219477769936,11,15,10,0.01686983392573893,0.0012958330335095525
300,2,1.0,1.0,0.6501300631735414,18,24,19,0.029874624917283654,0.0021103329490870237
500,2,1.0,1.0,0.6382513661202186,16,21,16,0.026076207985170186,0.001946625066921115
734,2,1.0,1.0,0.6382513661202186,16,21,16,0.026230541989207268,0.00213274999987334
10,3,0.9854615089400582,0.9965432304838264,0.6961761297798378,12,17,12,0.019152334076352417,0.001039916998706758
30,3,0.9854615089400582,0.9965432304838264,0.6961761297798378,12,17,12,0.018298958893865347,0.0010697920806705952
50,3,0.9985245209194789,0.998063433706816,0.6817219477769936,11,15,10,0.01763775001745671,0.0012225420214235783
100,3,0.9985245209194789,0.998063433706816,0.6817219477769936,11,15,10,0.018456000019796193,0.0016036670422181487
300,3,1.0,1.0,0.6382513661202186,16,21,16,0.02941966603975743,0.0019454589346423745
500,3,1.0,1.0,0.6382513661202186,16,21,16,0.025827875011600554,0.002155624912120402
734,3,1.0,1.0,0.6382513661202186,16,21,16,0.025376458070240915,0.0022469580871984363
10,4,0.9446583239001786,0.9810098834523177,0.7010574449842812,11,14,9,0.015760208945721388,0.0008592919912189245
30,4,0.9975502187406949,0.9967846620971621,0.6961761297798378,13,19,14,0.019484209013171494,0.001274458016268909
50,4,0.9981013651251747,0.9975080417267917,0.6453333333333333,15,22,17,0.022556582931429148,0.001373250037431717
100,4,1.0,1.0,0.6382513661202186,16,21,16,0.027306083007715642,0.001524166902527213
300,4,1.0,1.0,0.6382513661202186,16,21,16,0.028523582965135574,0.002027584007009864
500,4,1.0,1.0,0.6382513661202186,16,21,16,0.03722029202617705,0.003533666953444481
734,4,1.0,1.0,0.6382513661202186,16,21,16,0.026295959018170834,0.0021093750838190317
