n_traces,repeat,method,fit_seconds,censored_fraction,fit_success_fraction,edge_recall,parameter_coverage,parameter_mape,mean_time_mape,probability_mae,cdf_error,test_nll,test_coverage
10,0,naive,0.06284879194572568,0.19999999999999996,0.25,0.75,0.25,,,,,1.7801487799272333,0.3788860103626943
10,0,censor_aware,0.14420833298936486,0.19999999999999996,0.25,0.75,0.25,,,,,1.7801705739954372,0.3788860103626943
30,0,naive,0.11644258291926235,0.2666666666666667,1.0,0.75,0.75,,,,,0.16004129326561656,0.9876943005181347
30,0,censor_aware,0.19527970801573247,0.2666666666666667,1.0,0.75,0.75,,,,,0.1665348859629329,0.9876943005181347
50,0,naive,0.1258569590281695,0.26,1.0,0.75,0.75,,,,,0.16691068529782394,0.9876943005181347
50,0,censor_aware,0.2141022499417886,0.26,1.0,0.75,0.75,,,,,0.16987526887049192,0.9876943005181347
100,0,naive,0.10246854193974286,0.25,0.75,0.8333333333333334,0.5833333333333334,,,,,-0.3656332593089804,0.7810880829015544
100,0,censor_aware,0.17369720805436373,0.25,0.75,0.8333333333333334,0.5833333333333334,,,,,-0.3642365987707082,0.7810880829015544
300,0,naive,0.23838195903226733,0.2566666666666667,1.0,0.8333333333333334,0.8333333333333334,,,,,0.09128308471167974,0.9941709844559585
300,0,censor_aware,0.38682095904368907,0.2566666666666667,1.0,0.8333333333333334,0.8333333333333334,,,,,0.09200242152366549,0.9941709844559585
500,0,naive,0.30687808303628117,0.248,1.0,0.9166666666666666,0.9166666666666666,,,,,0.10595954152316459,0.9974093264248705
500,0,censor_aware,0.5312573750270531,0.248,1.0,0.9166666666666666,0.9166666666666666,,,,,0.10681670072561693,0.9974093264248705
734,0,naive,0.4090817089891061,0.2629427792915532,1.0,1.0,1.0,0.0,0.0,0.0,4.643889790108619e-17,0.12410914321219778,1.0
734,0,censor_aware,0.6831184159964323,0.2629427792915532,1.0,1.0,1.0,0.0,0.0,0.0,4.0815648653622655e-17,0.1241449300155924,1.0
10,1,naive,0.10846491600386798,0.19999999999999996,0.75,0.75,0.5833333333333334,,,,,-0.21177478440523614,0.7810880829015544
10,1,censor_aware,0.16605187498498708,0.19999999999999996,0.75,0.75,0.5833333333333334,,,,,-0.21115602112286785,0.7810880829015544
30,1,naive,0.09653949993662536,0.2666666666666667,0.75,0.75,0.5833333333333334,,,,,-0.26730434950095067,0.7810880829015544
30,1,censor_aware,0.16179654200095683,0.2666666666666667,0.75,0.75,0.5833333333333334,,,,,-0.2674172925698699,0.7810880829015544
50,1,naive,0.11758658406324685,0.36,1.0,0.75,0.75,,,,,0.3566247145909608,0.9876943005181347
50,1,censor_aware,0.20472170796710998,0.36,1.0,0.75,0.75,,,,,0.35609496203979,0.9876943005181347
100,1,naive,0.10973158292472363,0.36,0.75,0.8333333333333334,0.5833333333333334,,,,,-0.3452719960660777,0.7810880829015544
100,1,censor_aware,0.21703433396760374,0.36,0.75,0.8333333333333334,0.5833333333333334,,,,,-0.34600657172307303,0.7810880829015544
300,1,naive,0.22805658308789134,0.29000000000000004,1.0,0.8333333333333334,0.8333333333333334,,,,,0.09823929067843079,0.9941709844559585
300,1,censor_aware,0.39548420801293105,0.29000000000000004,1.0,0.8333333333333334,0.8333333333333334,,,,,0.09830071944875528,0.9941709844559585
500,1,naive,0.4391085000243038,0.268,1.0,1.0,1.0,0.07633077731916083,0.15223050152333661,0.010522547880783934,0.03804716070857285,0.12712484708017807,1.0
500,1,censor_aware,0.6829749579774216,0.268,1.0,1.0,1.0,0.07603177419852712,0.15794193869448256,0.010279582876369694,0.03706027746709276,0.12656955110282703,1.0
734,1,naive,0.39911624998785555,0.2629427792915532,1.0,1.0,1.0,0.0,0.0,0.0,4.643889790108619e-17,0.12410914321219778,1.0
734,1,censor_aware,0.964070999994874,0.2629427792915532,1.0,1.0,1.0,0.0,0.0,0.0,4.0815648653622655e-17,0.1241449300155924,1.0
10,2,naive,0.09017133398447186,0.19999999999999996,0.25,0.75,0.25,,,,,2.0462261764237852,0.3788860103626943
10,2,censor_aware,0.10819616611115634,0.19999999999999996,0.25,0.75,0.25,,,,,2.0462261764237852,0.3788860103626943
30,2,naive,0.17391324997879565,0.33333333333333337,1.0,0.75,0.75,,,,,0.14656619800473664,0.9876943005181347
30,2,censor_aware,0.24965916597284377,0.33333333333333337,1.0,0.75,0.75,,,,,0.1465417034457136,0.9876943005181347
50,2,naive,0.1325130839832127,0.31999999999999995,0.75,0.8333333333333334,0.5833333333333334,,,,,-0.3116521960961347,0.7810880829015544
50,2,censor_aware,0.18534500000532717,0.31999999999999995,0.75,0.8333333333333334,0.5833333333333334,,,,,-0.3123824041970331,0.7810880829015544
100,2,naive,0.09859408298507333,0.32999999999999996,0.75,0.8333333333333334,0.5833333333333334,,,,,-0.38421649460385576,0.7810880829015544
100,2,censor_aware,0.19466162496246397,0.32999999999999996,0.75,0.8333333333333334,0.5833333333333334,,,,,-0.38173626155582313,0.7810880829015544
300,2,naive,0.2874219579389319,0.26,1.0,0.9166666666666666,0.9166666666666666,,,,,0.11228906662544783,0.9967616580310881
300,2,censor_aware,0.4784260420128703,0.26,1.0,0.9166666666666666,0.9166666666666666,,,,,0.10894840049249974,0.9967616580310881
500,2,naive,0.39270600001327693,0.276,1.0,1.0,1.0,0.06037948827804109,0.07747204285091461,0.004768639307726021,0.026230946909903446,0.12506154289374374,1.0
500,2,censor_aware,0.6487148749874905,0.276,1.0,1.0,1.0,0.06006875619825883,0.07708917246912676,0.005099509029158136,0.026389169635196063,0.12498965295074733,1.0
734,2,naive,0.426405583973974,0.2629427792915532,1.0,1.0,1.0,0.0,0.0,0.0,4.643889790108619e-17,0.12410914321219778,1.0
734,2,censor_aware,0.7159138330025598,0.2629427792915532,1.0,1.0,1.0,0.0,0.0,0.0,4.0815648653622655e-17,0.1241449300155924,1.0
10,3,naive,0.06915704091079533,0.4,0.25,0.75,0.25,,,,,1.7541062360298982,0.3788860103626943
10,3,censor_aware,0.13687691709492356,0.4,0.25,0.75,0.25,,,,,1.7524543342901469,0.3788860103626943
30,3,naive,0.12165595800615847,0.16666666666666663,1.0,0.75,0.75,,,,,0.09971108900369666,0.9876943005181347
30,3,censor_aware,0.2022804169682786,0.16666666666666663,1.0,0.75,0.75,,,,,0.1001024561569998,0.9876943005181347
50,3,naive,0.11787945800460875,0.24,0.75,0.8333333333333334,0.5833333333333334,,,,,-0.35229022703663115,0.7810880829015544
50,3,censor_aware,0.21285633300431073,0.24,0.75,0.8333333333333334,0.5833333333333334,,,,,-0.34689635601127455,0.7810880829015544
100,3,naive,0.12156550004146993,0.25,0.75,0.8333333333333334,0.5833333333333334,,,,,-0.3613274910753465,0.7810880829015544
100,3,censor_aware,0.1928497920744121,0.25,0.75,0.8333333333333334,0.5833333333333334,,,,,-0.3590967329943518,0.7810880829015544
300,3,naive,0.4301248749252409,0.21666666666666667,1.0,1.0,1.0,0.08261080749148474,0.1121749334774632,0.007861171544766647,0.03240969685495015,0.1291777531269875,1.0
300,3,censor_aware,0.6296867080964148,0.21666666666666667,1.0,1.0,1.0,0.08423208732441913,0.1156553626072573,0.007980370698674827,0.03348738019479631,0.13002878308171545,1.0
500,3,naive,0.3947131249587983,0.258,1.0,1.0,1.0,0.032185597481743704,0.041513529818079375,0.003175906933983301,0.009442389749234748,0.1257646541830273,1.0
500,3,censor_aware,0.6728000829461962,0.258,1.0,1.0,1.0,0.0351010984643643,0.04553662490371885,0.0033234761724388463,0.011083563932443483,0.12682154278895588,1.0
734,3,naive,0.4248486659489572,0.2629427792915532,1.0,1.0,1.0,0.0,0.0,0.0,4.643889790108619e-17,0.12410914321219778,1.0
734,3,censor_aware,0.6812857500044629,0.2629427792915532,1.0,1.0,1.0,0.0,0.0,0.0,4.0815648653622655e-17,0.1241449300155924,1.0
10,4,naive,0.10335820901673287,0.30000000000000004,0.75,0.75,0.5833333333333334,,,,,-0.061057974173292694,0.7810880829015544
10,4,censor_aware,0.17190408403985202,0.30000000000000004,0.75,0.75,0.5833333333333334,,,,,-0.05237687466159476,0.7810880829015544
30,4,naive,0.13909670792054385,0.19999999999999996,1.0,0.75,0.75,,,,,0.28657566949972024,0.9876943005181347
30,4,censor_aware,0.21597587503492832,0.19999999999999996,1.0,0.75,0.75,,,,,0.28913591181534015,0.9876943005181347
50,4,naive,0.12498416705057025,0.21999999999999997,1.0,0.75,0.75,,,,,0.1699944339492025,0.9876943005181347
50,4,censor_aware,0.2028191250283271,0.21999999999999997,1.0,0.75,0.75,,,,,0.17268238905144745,0.9876943005181347
100,4,naive,0.15748362499289215,0.19999999999999996,0.75,0.9166666666666666,0.6666666666666666,,,,,-0.3409154966774516,0.783678756476684
100,4,censor_aware,0.3339259169297293,0.19999999999999996,0.75,0.9166666666666666,0.6666666666666666,,,,,-0.3394090929327901,0.783678756476684
300,4,naive,0.34528204100206494,0.28,1.0,1.0,1.0,0.12781930041764894,0.2213749592749971,0.007348955895965749,0.04709429590545367,0.1340511400982179,1.0
300,4,censor_aware,0.6941967500606552,0.28,1.0,1.0,1.0,0.1322614384074421,0.2363093949522188,0.0073457249950649355,0.04795279459295982,0.13510862038927351,1.0
500,4,naive,0.41547979100141674,0.256,1.0,1.0,1.0,0.06269019078441324,0.09691168089643848,0.003168625785837731,0.01905832414818218,0.12543812864058348,1.0
500,4,censor_aware,0.7836767500266433,0.256,1.0,1.0,1.0,0.06343791240320439,0.09912864018896674,0.00306915575378703,0.01918757087948043,0.1251553693924083,1.0
734,4,naive,0.4093241250375286,0.2629427792915532,1.0,1.0,1.0,0.0,0.0,0.0,4.643889790108619e-17,0.12410914321219778,1.0
734,4,censor_aware,0.7374001670395955,0.2629427792915532,1.0,1.0,1.0,0.0,0.0,0.0,4.0815648653622655e-17,0.1241449300155924,1.0
