,,edge_recall,edge_recall,edge_recall,parameter_coverage,parameter_coverage,parameter_coverage,parameter_mape,parameter_mape,parameter_mape,mean_time_mape,mean_time_mape,mean_time_mape,probability_mae,probability_mae,probability_mae,cdf_error,cdf_error,cdf_error,test_nll,test_nll,test_nll,test_coverage,test_coverage,test_coverage,fit_success_fraction,fit_success_fraction,fit_success_fraction
,,mean,std,count,mean,std,count,mean,std,count,mean,std,count,mean,std,count,mean,std,count,mean,std,count,mean,std,count,mean,std,count
n_traces,method,,,,,,,,,,,,,,,,,,,,,,,,,,,
10,censor_aware,0.75,0.0,5,0.38333333333333336,0.18257418583505539,5,,,0,,,0,,,0,,,0,1.0630636377849814,1.0981750479461412,5,0.5397668393782384,0.22029514780486278,5,0.45,0.2738612787525831,5
10,naive,0.75,0.0,5,0.38333333333333336,0.18257418583505539,5,,,0,,,0,,,0,,,0,1.0615296867604775,1.1008190345361426,5,0.5397668393782384,0.22029514780486278,5,0.45,0.2738612787525831,5
30,censor_aware,0.75,0.0,5,0.7166666666666667,0.07453559924999296,5,,,0,,,0,,,0,,,0,0.0869795329622233,0.2100673873517601,5,0.9463730569948187,0.0923971094329576,5,0.95,0.1118033988749895,5
30,naive,0.75,0.0,5,0.7166666666666667,0.07453559924999296,5,,,0,,,0,,,0,,,0,0.08511798005456388,0.2087995714713583,5,0.9463730569948187,0.0923971094329576,5,0.95,0.1118033988749895,5
50,censor_aware,0.7833333333333334,0.045643546458763874,5,0.6833333333333333,0.09128709291752765,5,,,0,,,0,,,0,,,0,0.007874771950684345,0.31744693436537547,5,0.9050518134715025,0.11316288590942226,5,0.9,0.13693063937629152,5
50,naive,0.7833333333333334,0.045643546458763874,5,0.6833333333333333,0.09128709291752765,5,,,0,,,0,,,0,,,0,0.0059174821410442726,0.318197613096013,5,0.9050518134715025,0.11316288590942226,5,0.9,0.13693063937629152,5
100,censor_aware,0.85,0.037267799624996475,5,0.6,0.037267799624996475,5,,,0,,,0,,,0,,,0,-0.35809705159534927,0.01652970925703757,5,0.7816062176165803,0.001158584444300407,5,0.75,0.0,5
100,naive,0.85,0.037267799624996475,5,0.6,0.037267799624996475,5,,,0,,,0,,,0,,,0,-0.3594729475463424,0.017318183358809417,5,0.7816062176165803,0.001158584444300407,5,0.75,0.0,5
300,censor_aware,0.9166666666666666,0.08333333333333329,5,0.9166666666666666,0.08333333333333329,5,0.1082467628659306,0.03396187984679499,2,0.17598237877973805,0.08531528444862334,2,0.007663047846869881,0.00044876228067346164,2,0.040720087393878064,0.01022859261361494,2,0.11287778898718188,0.01905307376951323,5,0.997020725388601,0.002918103711416798,5,1.0,0.0,5
300,naive,0.9166666666666666,0.08333333333333329,5,0.9166666666666666,0.08333333333333329,5,0.10521505395456685,0.03196723191531477,2,0.16677494637623014,0.07721607874718214,2,0.007605063720366198,0.0003621911586969814,2,0.03975199638020191,0.01038357956761658,2,0.11300806704815276,0.018674034418579805,5,0.997020725388601,0.002918103711416798,5,1.0,0.0,5
500,censor_aware,0.9833333333333332,0.03726779962499654,5,0.9833333333333332,0.03726779962499654,5,0.05865988531608866,0.017142670166153694,4,0.09492409406407373,0.047420577419307504,4,0.005442930957938427,0.003348533893554666,4,0.023430145478553183,0.011029866077882056,4,0.12207056339211109,0.00856636057216671,5,0.9994818652849741,0.0011585844443004225,5,1.0,0.0,5
500,naive,0.9833333333333332,0.03726779962499654,5,0.9833333333333332,0.03726779962499654,5,0.05789651346583971,0.018529416169141593,4,0.09203193877219226,0.04623050599260203,4,0.005408929977082746,0.003491151433106357,4,0.023194705378973307,0.012056119149188482,4,0.12186974286413943,0.008928072660046735,5,0.9994818652849741,0.0011585844443004225,5,1.0,0.0,5
734,censor_aware,1.0,0.0,5,1.0,0.0,5,0.0,0.0,5,0.0,0.0,5,0.0,0.0,5,4.0815648653622655e-17,0.0,5,0.12414493001559239,0.0,5,1.0,0.0,5,1.0,0.0,5
734,naive,1.0,0.0,5,1.0,0.0,5,0.0,0.0,5,0.0,0.0,5,0.0,0.0,5,4.643889790108619e-17,0.0,5,0.12410914321219776,0.0,5,1.0,0.0,5,1.0,0.0,5
